lead_id,created_date,first_name,last_name,email,phone,job_title,company_name,company_size,industry,country,lead_source,website_visits,email_opens,email_clicks,form_submissions,content_downloads,inquiry_text,intent,budget_range,response_time_hours,converted,days_to_conversion
LEAD-1000,2026-01-15,Donald,Garcia,donald.garcia@rodriguezfigueroaandsanchez.com,001-581-896-0013x3890,Chief Innovation Officer,"Rodriguez, Figueroa and Sanchez",1000+,Healthcare,USA,Conference,0,0,0,0,0,Need a quote for 3069 users. What features are included in each tier?,pricing,Not specified,,0,
LEAD-1001,2026-01-15,Erik,Henderson,erik.henderson@ramirezboothandblake.com,223-951-1615x594,Director of Marketing,"Ramirez, Booth and Blake",1000+,Marketing,India,Partner,5,3,2,0,0,Can your platform handle 10K contacts? What are the technical limitations?,technical,$50K-$100K,43.7,1,12.0
LEAD-1002,2026-01-15,Courtney,Mcclure,courtney.mcclure@miller-carter.com,(993)710-3413x164,CTO,Miller-Carter,1000+,Consulting,UAE,Advertisement,0,0,0,0,0,Can you share pricing information? We're a 1000+ Consulting company.,pricing,$100K+,46.0,0,
LEAD-1003,2026-01-15,Sharon,Wong,sharon.wong@clark-adams.com,+1-528-232-7648x350,Director of Marketing,Clark-Adams,11-50,Education,Australia,Conference,5,2,1,0,0,Can you share pricing information? We're a 11-50 Education company.,pricing,$50K-$100K,56.0,0,
LEAD-1004,2026-01-15,Sherri,Walter,sherri.walter@adams-clark.com,837-767-2423x88496,Product Manager,Adams-Clark,1-10,Telecommunications,Australia,Conference,0,1,1,0,0,Would love to see a demo. We need better reporting and analytics for our sales pipeline.,demo_request,$50K-$100K,31.1,0,
LEAD-1005,2026-01-15,Katelyn,Callahan,katelyn.callahan@hicksinc.com,(626)291-6697,VP of Sales,Hicks Inc,201-500,Education,Germany,Partner,0,0,0,0,3,Can you help us set up custom workflows for our sales process?,support,< $10K,38.9,0,
LEAD-1006,2026-01-15,Karen,Mack,karen.mack@maldonadoplc.com,514-462-7048x28148,Head of Operations,Maldonado PLC,1000+,Education,UK,Advertisement,0,0,0,1,0,Would like to discuss becoming a reseller partner in UK.,partnership,Not specified,43.3,0,
LEAD-1007,2026-01-15,Samantha,George,samantha.george@ryanplc.com,401.454.3039x1171,Head of Operations,Ryan PLC,1-10,Healthcare,Australia,Cold Email,0,2,1,1,0,What are your pricing plans? We have about 5 users.,pricing,$100K+,66.9,0,
LEAD-1008,2026-01-15,Tamara,Hickman,tamara.hickman@martinroseandobrien.com,001-534-565-7871x33150,Chief Innovation Officer,"Martin, Rose and Obrien",1000+,Automotive,Germany,Conference,6,6,0,0,0,Can you share pricing information? We're a 1000+ Automotive company.,pricing,$10K-$50K,,1,87.0
LEAD-1009,2026-01-15,Michele,Jones,michele.jones@welchperezandwhitehead.com,547.938.2997,CEO,"Welch, Perez and Whitehead",1-10,Manufacturing,UK,Webinar,0,0,0,0,0,Would love to see a demo. We need better reporting and analytics for our sales pipeline.,demo_request,$100K+,62.3,0,
LEAD-1010,2026-01-15,Ryan,Henderson,ryan.henderson@davisltd.com,401.806.5133x387,CEO,Davis Ltd,1000+,Pharmaceuticals,UK,Advertisement,5,3,2,0,0,Can you share pricing information? We're a 1000+ Pharmaceuticals company.,pricing,Not specified,,0,
LEAD-1011,2026-01-15,Scott,Callahan,scott.callahan@wright-leblanc.com,+1-910-980-1326,CTO,Wright-Leblanc,501-1000,Energy,USA,Cold Email,0,0,0,0,0,Would love to see a demo. We need better reporting and analytics for our sales pipeline.,demo_request,$10K-$50K,,0,
LEAD-1012,2026-01-15,Aaron,Myers,aaron.myers@barrera-martin.com,246.787.2343x098,CEO,Barrera-Martin,1-10,E-commerce,UAE,Webinar,0,4,0,0,0,"Hi, I'd like to schedule a demo of your CRM platform. We're a 1-10 company in E-commerce looking to streamline our sales process.",demo_request,Not specified,44.8,0,
LEAD-1013,2026-01-15,Brian,Romero,brian.romero@woodscalhounandschmidt.com,(219)313-6193,Business Development Manager,"Woods, Calhoun and Schmidt",1000+,E-commerce,Netherlands,Webinar,4,0,0,1,0,Looking for pricing details. Do you offer annual discounts?,pricing,< $10K,36.7,0,
LEAD-1014,2026-01-15,Elizabeth,Edwards,elizabeth.edwards@cunninghamstewartandgreen.com,362-547-5107x991,Director of Marketing,"Cunningham, Stewart and Green",51-200,Logistics,UK,Webinar,0,5,2,0,0,Interested in exploring partnership opportunities. We serve Logistics clients.,partnership,$10K-$50K,43.7,0,
LEAD-1015,2026-01-15,Natasha,Wood,natasha.wood@mahoneyinc.com,(378)449-8084,Business Development Manager,Mahoney Inc,51-200,Manufacturing,France,Partner,0,4,0,0,0,We're having issues with lead scoring. Can someone help?,support,$100K+,8.5,0,
LEAD-1016,2026-01-15,Joseph,Jacobs,joseph.jacobs@newtonandsons.com,001-253-748-7401x640,Business Development Manager,Newton and Sons,1000+,Logistics,Canada,Website,7,1,0,0,0,"Hi, I'd like to schedule a demo of your CRM platform. We're a 1000+ company in Logistics looking to streamline our sales process.",demo_request,Not specified,66.7,1,27.0
LEAD-1017,2026-01-15,Janice,Hoffman,janice.hoffman@whitneymartinandramos.com,812-480-5982,CEO,"Whitney, Martin and Ramos",11-50,Logistics,India,Referral,11,0,0,1,0,Our current CRM isn't meeting our needs. What migration support do you offer?,support,$10K-$50K,33.4,0,
LEAD-1018,2026-01-15,Michelle,Nolan,michelle.nolan@nolan-flynn.com,431.458.6923,Operations Manager,Nolan-Flynn,11-50,Manufacturing,USA,Cold Email,3,0,0,0,0,Need a quote for 12 users. What features are included in each tier?,pricing,< $10K,25.2,0,
LEAD-1019,2026-01-15,Kimberly,Jenkins,kimberly.jenkins@whitellc.com,+1-534-221-6073x37543,Business Development Manager,White LLC,51-200,Real Estate,Netherlands,LinkedIn,3,4,2,0,0,Can we book a demo? Our team of 68 sales reps needs a better solution for managing leads.,demo_request,Not specified,29.7,0,
LEAD-1020,2026-01-15,Tammy,Ramirez,tammy.ramirez@murphy-lin.com,+1-886-785-0142x9401,VP of Sales,Murphy-Lin,1000+,Retail,UAE,Cold Email,2,2,0,0,1,Can your platform handle 1M+ contacts? What are the technical limitations?,technical,Not specified,33.7,0,
LEAD-1021,2026-01-15,Darrell,Lam,darrell.lam@graham-joyce.com,840.360.8835,IT Manager,Graham-Joyce,1000+,Manufacturing,UAE,Referral,6,0,0,0,1,Can we book a demo? Our team of 1189 sales reps needs a better solution for managing leads.,demo_request,Not specified,5.7,1,87.0
LEAD-1022,2026-01-15,David,Mccullough,david.mccullough@hanson-alvarado.com,646.856.4823x66299,IT Manager,Hanson-Alvarado,501-1000,Manufacturing,India,Advertisement,0,3,1,0,0,We're having issues with lead scoring. Can someone help?,support,< $10K,57.8,0,
LEAD-1023,2026-01-15,Russell,Carpenter,russell.carpenter@torresandsons.com,+1-757-377-3872x1489,Sales Manager,Torres and Sons,501-1000,Marketing,Netherlands,Partner,3,3,1,0,1,Can you share pricing information? We're a 501-1000 Marketing company.,pricing,$100K+,20.1,1,43.0
LEAD-1024,2026-01-15,Lindsay,Hernandez,lindsay.hernandez@chambersandsons.com,8379917693,Sales Manager,Chambers and Sons,11-50,Retail,Australia,LinkedIn,0,0,0,0,0,Would love to see a demo. We need better reporting and analytics for our sales pipeline.,demo_request,Not specified,1.9,1,80.0
LEAD-1025,2026-01-15,Patricia,Dalton,patricia.dalton@douglasinc.com,363-928-7083,Sales Manager,Douglas Inc,201-500,Consulting,USA,Conference,7,1,1,1,0,What APIs do you provide? We need to integrate with our existing tech stack.,technical,$100K+,60.6,1,23.0
LEAD-1026,2026-01-15,Caitlin,Dodson,caitlin.dodson@contreras-travis.com,998.568.7277x434,Product Manager,Contreras-Travis,501-1000,Marketing,USA,Website,0,6,0,1,0,Interested in seeing your product in action. We're currently using Pipedrive but looking for alternatives.,demo_request,$100K+,6.4,1,76.0
LEAD-1027,2026-01-15,Joseph,Flores,joseph.flores@reevesandsons.com,+1-812-823-6231,Operations Manager,Reeves and Sons,1-10,Education,Germany,LinkedIn,2,2,0,1,0,"Hi, I'd like to schedule a demo of your CRM platform. We're a 1-10 company in Education looking to streamline our sales process.",demo_request,$100K+,55.3,0,
LEAD-1028,2026-01-15,Robert,Stein,robert.stein@perry-clark.com,001-809-567-0546,VP of Sales,Perry-Clark,501-1000,E-commerce,UK,Conference,0,0,0,0,1,Exploring white-label solutions. Do you offer partnership programs?,partnership,< $10K,41.0,0,
LEAD-1029,2026-01-15,Matthew,Shelton,matthew.shelton@graham-johnson.com,(427)929-8069x9016,Operations Manager,Graham-Johnson,51-200,Marketing,India,Webinar,0,2,0,0,0,Need a quote for 90 users. What features are included in each tier?,pricing,Not specified,39.0,0,
LEAD-1030,2026-01-15,Mark,Juarez,mark.juarez@gray-lewis.com,(246)541-7080x5310,Head of Operations,Gray-Lewis,201-500,Real Estate,Netherlands,Webinar,6,3,3,0,0,Would love to see a demo. We need better reporting and analytics for our sales pipeline.,demo_request,$10K-$50K,19.0,0,
LEAD-1031,2026-01-15,David,Caldwell,david.caldwell@howellandsons.com,001-437-645-2991,Business Development Manager,Howell and Sons,501-1000,Automotive,France,Website,4,0,0,0,0,Can you share pricing information? We're a 501-1000 Automotive company.,pricing,$10K-$50K,42.1,0,
LEAD-1032,2026-01-15,Erica,Rubio,erica.rubio@hickmanplc.com,(831)793-1491x9058,Product Manager,Hickman PLC,501-1000,Marketing,Australia,Webinar,6,6,1,0,0,Can your platform handle 100K contacts? What are the technical limitations?,technical,Not specified,38.0,0,
LEAD-1033,2026-01-15,Daniel,Yu,daniel.yu@petersonatkinsonandshort.com,+1-672-762-8498x7769,Head of Operations,"Peterson, Atkinson and Short",1-10,Energy,Germany,Cold Email,5,0,0,1,0,"Hi, I'd like to schedule a demo of your CRM platform. We're a 1-10 company in Energy looking to streamline our sales process.",demo_request,$100K+,24.9,1,13.0
LEAD-1034,2026-01-15,John,Marshall,john.marshall@ramirezgroup.com,+1-665-607-5273x545,CTO,Ramirez Group,51-200,Energy,Singapore,LinkedIn,8,0,0,0,0,Interested in seeing your product in action. We're currently using Monday.com but looking for alternatives.,demo_request,Not specified,37.9,0,
LEAD-1035,2026-01-15,Tracy,Chang,tracy.chang@vaughanmillerandcortez.com,001-777-970-1436x349,Product Manager,"Vaughan, Miller and Cortez",201-500,Retail,Netherlands,Conference,12,0,0,1,0,Our current CRM isn't meeting our needs. What migration support do you offer?,support,< $10K,49.8,0,
LEAD-1036,2026-01-15,Mark,Warner,mark.warner@coleman-reese.com,944-631-3518x233,Head of Operations,Coleman-Reese,51-200,Technology,Germany,Conference,3,3,0,0,0,Our current CRM isn't meeting our needs. What migration support do you offer?,support,< $10K,,0,
LEAD-1037,2026-01-15,Kenneth,Ward,kenneth.ward@carlsonhooperandwall.com,608-924-0084x2710,Head of Operations,"Carlson, Hooper and Wall",51-200,E-commerce,Netherlands,Partner,0,2,2,0,1,Need a quote for 61 users. What features are included in each tier?,pricing,< $10K,,1,80.0
LEAD-1038,2026-01-15,Shelley,Woods,shelley.woods@lopez-williams.com,667-319-0229,Marketing Director,Lopez-Williams,501-1000,Technology,France,Website,5,0,0,0,0,Would love to see a demo. We need better reporting and analytics for our sales pipeline.,demo_request,$10K-$50K,50.1,0,
LEAD-1039,2026-01-15,Catherine,Gibbs,catherine.gibbs@grantgroup.com,286.377.4964,CEO,Grant Group,1000+,Real Estate,UAE,Partner,0,0,0,0,0,We're having issues with lead scoring. Can someone help?,support,$100K+,15.1,0,
LEAD-1040,2026-01-15,Donna,Moore,donna.moore@garrettllc.com,(681)220-6797,IT Manager,Garrett LLC,11-50,Logistics,France,Partner,0,3,0,0,0,"Hi, I'd like to schedule a demo of your CRM platform. We're a 11-50 company in Logistics looking to streamline our sales process.",demo_request,$100K+,21.4,1,41.0
LEAD-1041,2026-01-15,Jesus,Baker,jesus.baker@campbellheathandjones.com,+1-693-661-8324x2102,IT Manager,"Campbell, Heath and Jones",201-500,Energy,Singapore,Cold Email,4,0,0,0,0,What APIs do you provide? We need to integrate with our existing tech stack.,technical,< $10K,21.8,0,
LEAD-1042,2026-01-15,Sherri,Mason,sherri.mason@barker-lyons.com,271.690.6594x0139,VP of Sales,Barker-Lyons,501-1000,Pharmaceuticals,Singapore,Partner,3,0,0,0,0,Looking for pricing details. Do you offer annual discounts?,pricing,$50K-$100K,50.9,1,55.0
LEAD-1043,2026-01-15,Scott,Ramirez,scott.ramirez@ruizltd.com,001-367-417-5655,IT Manager,Ruiz Ltd,201-500,Pharmaceuticals,Canada,Website,0,6,1,0,0,We're having issues with lead scoring. Can someone help?,support,$100K+,19.4,0,
LEAD-1044,2026-01-15,Kathleen,Johnson,kathleen.johnson@simpsonbatesandmorales.com,954-851-6808,Sales Manager,"Simpson, Bates and Morales",1000+,Real Estate,UK,Advertisement,2,1,0,1,0,What are your pricing plans? We have about 1403 users.,pricing,$10K-$50K,65.1,0,
LEAD-1045,2026-01-15,Kathleen,Harris,kathleen.harris@coxavilaandgarrett.com,+1-424-677-1093,Head of Operations,"Cox, Avila and Garrett",51-200,Telecommunications,USA,Webinar,5,0,0,0,0,Our current CRM isn't meeting our needs. What migration support do you offer?,support,$10K-$50K,18.7,0,
LEAD-1046,2026-01-15,Daniel,Valentine,daniel.valentine@russellwalkerandskinner.com,+1-827-548-4677x3782,Head of Operations,"Russell, Walker and Skinner",1000+,Technology,Singapore,Referral,0,2,2,1,0,Our agency works with multiple clients who might benefit from your CRM. Let's talk partnerships.,partnership,$100K+,41.6,1,44.0
LEAD-1047,2026-01-15,Kendra,Dickerson,kendra.dickerson@francistaylorandjones.com,784-804-4997x27875,Head of Operations,"Francis, Taylor and Jones",1-10,Energy,India,Website,6,1,1,1,0,Do you support SSO and custom authentication? What about data encryption?,technical,$10K-$50K,65.1,0,
LEAD-1048,2026-01-15,John,Reyes,john.reyes@kane-pollard.com,001-360-957-6627x02895,CEO,Kane-Pollard,1-10,Retail,Singapore,Webinar,8,0,0,0,0,Can we book a demo? Our team of 8 sales reps needs a better solution for managing leads.,demo_request,$50K-$100K,24.7,0,
LEAD-1049,2026-01-15,Monica,Booker,monica.booker@smith-thomas.com,874-759-6158,Director of Marketing,Smith-Thomas,201-500,Healthcare,Canada,Advertisement,1,2,0,0,1,"Hi, I'd like to schedule a demo of your CRM platform. We're a 201-500 company in Healthcare looking to streamline our sales process.",demo_request,$10K-$50K,44.8,1,78.0
LEAD-1050,2026-01-15,Casey,Welch,casey.welch@brennan-johnson.com,631-761-1724x0050,Director of Marketing,Brennan-Johnson,51-200,Logistics,Netherlands,LinkedIn,7,2,2,1,0,"Hi, I'd like to schedule a demo of your CRM platform. We're a 51-200 company in Logistics looking to streamline our sales process.",demo_request,$100K+,48.4,1,76.0
LEAD-1051,2026-01-15,Ashlee,Sparks,ashlee.sparks@sanchezgroup.com,(421)596-9379,Product Manager,Sanchez Group,201-500,E-commerce,Canada,LinkedIn,7,5,0,1,0,What APIs do you provide? We need to integrate with our existing tech stack.,technical,$50K-$100K,,0,
LEAD-1052,2026-01-15,Rachel,Marshall,rachel.marshall@stevens-estrada.com,882-917-5946x4743,CTO,Stevens-Estrada,11-50,Healthcare,Singapore,Cold Email,7,3,2,0,0,Can we book a demo? Our team of 15 sales reps needs a better solution for managing leads.,demo_request,$10K-$50K,43.1,0,
LEAD-1053,2026-01-15,Victoria,Phillips,victoria.phillips@armstrong-andrews.com,+1-664-409-0974x39533,Head of Operations,Armstrong-Andrews,11-50,Finance,UAE,Referral,0,1,1,0,0,Need help understanding your automation features. Do you have documentation?,support,< $10K,34.6,0,
LEAD-1054,2026-01-15,Bethany,Oconnor,bethany.oconnor@lucasparkerandalexander.com,645-462-3285,CTO,"Lucas, Parker and Alexander",51-200,Marketing,Netherlands,Partner,4,2,2,0,0,Need help understanding your automation features. Do you have documentation?,support,$100K+,32.2,0,
LEAD-1055,2026-01-15,Monica,Brock,monica.brock@coffey-phillips.com,312.936.8516x048,VP of Sales,Coffey-Phillips,1-10,Education,Netherlands,LinkedIn,0,7,0,0,1,Looking for pricing details. Do you offer annual discounts?,pricing,$10K-$50K,64.0,0,
LEAD-1056,2026-01-15,Shelby,Rodriguez,shelby.rodriguez@chambersrichardsandcarson.com,970.698.5931,Product Manager,"Chambers, Richards and Carson",51-200,Energy,Singapore,Advertisement,4,0,0,0,0,Exploring white-label solutions. Do you offer partnership programs?,partnership,Not specified,,0,
LEAD-1057,2026-01-15,Kevin,Vasquez,kevin.vasquez@taylorinc.com,438-826-7586,Operations Manager,Taylor Inc,501-1000,Marketing,Australia,LinkedIn,2,3,1,1,0,Interested in exploring partnership opportunities. We serve Marketing clients.,partnership,$10K-$50K,16.5,0,
LEAD-1058,2026-01-15,Joshua,Vaughn,joshua.vaughn@gilbert-crosby.com,277.835.1585,Sales Manager,Gilbert-Crosby,51-200,Energy,UAE,LinkedIn,4,1,1,1,0,Interested in exploring partnership opportunities. We serve Energy clients.,partnership,$50K-$100K,,0,
LEAD-1059,2026-01-15,Christopher,Lewis,christopher.lewis@rushgroup.com,+1-590-505-3293x1839,CTO,Rush Group,11-50,E-commerce,India,Referral,8,5,0,0,0,Need a quote for 21 users. What features are included in each tier?,pricing,< $10K,11.6,1,86.0
LEAD-1060,2026-01-15,Aaron,Garrison,aaron.garrison@kramerplc.com,(728)542-1020,Head of Operations,Kramer PLC,1-10,Pharmaceuticals,UK,Partner,6,4,4,0,0,We're having issues with lead scoring. Can someone help?,support,Not specified,3.7,0,
LEAD-1061,2026-01-15,David,Fisher,david.fisher@thompsoninc.com,517-275-8917,Director of Marketing,Thompson Inc,501-1000,Technology,USA,Conference,4,3,1,1,0,Would love to see a demo. We need better reporting and analytics for our sales pipeline.,demo_request,Not specified,58.1,1,57.0
LEAD-1062,2026-01-15,Bruce,Mendoza,bruce.mendoza@boydellisandmaynard.com,(761)877-1159x2124,CEO,"Boyd, Ellis and Maynard",1000+,Technology,India,Partner,6,9,0,0,0,Do you support SSO and custom authentication? What about data encryption?,technical,$100K+,66.3,1,62.0
LEAD-1063,2026-01-15,Laura,Wilson,laura.wilson@phillipswagnerandjordan.com,+1-883-767-3657x6615,Marketing Director,"Phillips, Wagner and Jordan",1-10,Manufacturing,India,Advertisement,6,0,0,0,0,Can we book a demo? Our team of 4 sales reps needs a better solution for managing leads.,demo_request,$10K-$50K,11.0,0,
LEAD-1064,2026-01-15,Thomas,Davis,thomas.davis@mckay-mcdaniel.com,716-315-2809,Operations Manager,Mckay-Mcdaniel,11-50,E-commerce,Canada,LinkedIn,0,6,1,0,0,Can you help us set up custom workflows for our sales process?,support,$50K-$100K,25.7,0,
LEAD-1065,2026-01-15,Brett,Roberts,brett.roberts@pughhendersonandmoon.com,351-698-3273x1585,CEO,"Pugh, Henderson and Moon",51-200,Consulting,Singapore,Website,4,0,0,0,0,Would love to see a demo. We need better reporting and analytics for our sales pipeline.,demo_request,$50K-$100K,36.3,0,
LEAD-1066,2026-01-15,Loretta,Austin,loretta.austin@bruce-villegas.com,+1-480-894-0244x5502,Sales Manager,Bruce-Villegas,1-10,Consulting,UK,LinkedIn,1,0,0,0,0,Can you share pricing information? We're a 1-10 Consulting company.,pricing,< $10K,46.8,0,
LEAD-1067,2026-01-15,Jason,Barnes,jason.barnes@schultzjohnsonandreese.com,625-945-9910x22901,Operations Manager,"Schultz, Johnson and Reese",51-200,Healthcare,UAE,Advertisement,0,4,2,0,1,Need help understanding your automation features. Do you have documentation?,support,Not specified,6.6,0,
LEAD-1068,2026-01-15,Jason,Hunt,jason.hunt@lawson-perry.com,(261)249-7840x369,VP of Sales,Lawson-Perry,201-500,Pharmaceuticals,Australia,LinkedIn,7,3,0,0,0,Can we book a demo? Our team of 316 sales reps needs a better solution for managing leads.,demo_request,< $10K,39.1,1,74.0
LEAD-1069,2026-01-15,Keith,Wilson,keith.wilson@saundersllc.com,862.226.8388x5160,Marketing Director,Saunders LLC,1-10,Pharmaceuticals,Australia,Referral,2,0,0,0,1,What APIs do you provide? We need to integrate with our existing tech stack.,technical,Not specified,54.0,0,
LEAD-1070,2026-01-15,Ruben,Sullivan,ruben.sullivan@atkinsplc.com,+1-364-516-0529x7516,Head of Operations,Atkins PLC,11-50,Marketing,Germany,Partner,5,0,0,0,0,Looking for pricing details. Do you offer annual discounts?,pricing,$10K-$50K,4.2,0,
LEAD-1071,2026-01-15,Kyle,Morgan,kyle.morgan@warren-foster.com,621-581-8835x52312,Chief Innovation Officer,Warren-Foster,51-200,Marketing,UK,LinkedIn,0,0,0,0,0,Would love to see a demo. We need better reporting and analytics for our sales pipeline.,demo_request,$100K+,17.4,0,
LEAD-1072,2026-01-15,Charles,Bean,charles.bean@wolfltd.com,+1-977-999-7995x5271,Sales Manager,Wolf Ltd,51-200,Manufacturing,USA,LinkedIn,2,2,0,1,0,Would love to see a demo. We need better reporting and analytics for our sales pipeline.,demo_request,$10K-$50K,39.7,1,84.0
LEAD-1073,2026-01-15,Charles,Murray,charles.murray@vargas-bell.com,8059411998,Head of Operations,Vargas-Bell,501-1000,Real Estate,UK,Cold Email,5,0,0,0,2,What are your pricing plans? We have about 824 users.,pricing,$10K-$50K,0.6,1,37.0
LEAD-1074,2026-01-15,Denise,Morris,denise.morris@huangcoleandpacheco.com,982.407.1518x2037,Operations Manager,"Huang, Cole and Pacheco",501-1000,Real Estate,Canada,LinkedIn,4,0,0,1,0,We're having issues with lead scoring. Can someone help?,support,< $10K,52.9,0,
LEAD-1075,2026-01-15,Erika,Williams,erika.williams@hughes-schroeder.com,+1-451-751-8644x9251,Chief Innovation Officer,Hughes-Schroeder,1-10,Telecommunications,Netherlands,Webinar,0,0,0,0,0,Can you help us set up custom workflows for our sales process?,support,$50K-$100K,57.1,0,
LEAD-1076,2026-01-15,Sharon,Collins,sharon.collins@halemyersandlarson.com,(752)981-6850x5423,Business Development Manager,"Hale, Myers and Larson",1-10,Education,France,Advertisement,5,4,0,0,0,Interested in seeing your product in action. We're currently using Pipedrive but looking for alternatives.,demo_request,$100K+,28.1,0,
LEAD-1077,2026-01-15,Megan,Garcia,megan.garcia@moorellc.com,001-988-205-9296x22292,Sales Manager,Moore LLC,201-500,Automotive,Singapore,Conference,4,2,0,0,1,Need help understanding your automation features. Do you have documentation?,support,Not specified,12.4,0,
LEAD-1078,2026-01-15,Karen,Bowers,karen.bowers@ballmontesandbishop.com,983.647.3597,Chief Innovation Officer,"Ball, Montes and Bishop",51-200,Consulting,USA,Webinar,6,2,0,0,1,Would love to see a demo. We need better reporting and analytics for our sales pipeline.,demo_request,< $10K,,0,
LEAD-1079,2026-01-15,Laurie,Taylor,laurie.taylor@roseburchandmontoya.com,907-458-1814x124,Product Manager,"Rose, Burch and Montoya",1000+,Education,Australia,Website,4,1,0,1,0,Our current CRM isn't meeting our needs. What migration support do you offer?,support,$10K-$50K,28.2,0,
LEAD-1080,2026-01-15,Lisa,Wilkerson,lisa.wilkerson@pottsandsons.com,7605685361,Chief Innovation Officer,Potts and Sons,1-10,Retail,France,Partner,0,2,1,0,0,Can we book a demo? Our team of 4 sales reps needs a better solution for managing leads.,demo_request,< $10K,21.3,0,
LEAD-1081,2026-01-15,Matthew,Thomas,matthew.thomas@combsltd.com,2476277901,Sales Manager,Combs Ltd,11-50,Automotive,Canada,Cold Email,0,0,0,0,0,Interested in seeing your product in action. We're currently using Pipedrive but looking for alternatives.,demo_request,Not specified,29.8,0,
LEAD-1082,2026-01-15,Chelsea,Henderson,chelsea.henderson@dunnltd.com,001-243-541-0369x71179,Operations Manager,Dunn Ltd,1-10,Finance,Australia,LinkedIn,7,5,0,0,0,Our current CRM isn't meeting our needs. What migration support do you offer?,support,$50K-$100K,,0,
LEAD-1083,2026-01-15,John,Butler,john.butler@patterson-mendez.com,+1-818-751-8888x80670,Business Development Manager,Patterson-Mendez,1000+,Manufacturing,Australia,Conference,3,0,0,0,0,Interested in seeing your product in action. We're currently using Monday.com but looking for alternatives.,demo_request,$50K-$100K,40.8,1,10.0
LEAD-1084,2026-01-15,Michael,Quinn,michael.quinn@kellyinc.com,+1-419-352-0585x2772,Head of Operations,Kelly Inc,1-10,Technology,Netherlands,Cold Email,5,1,0,0,0,Can your platform handle 10K contacts? What are the technical limitations?,technical,$10K-$50K,35.1,0,
LEAD-1085,2026-01-15,Kylie,Blackwell,kylie.blackwell@johnson-harris.com,348-768-7403x45054,Sales Manager,Johnson-Harris,51-200,E-commerce,Canada,Webinar,4,5,3,1,0,What are your pricing plans? We have about 170 users.,pricing,< $10K,,1,56.0
LEAD-1086,2026-01-15,Paul,Beltran,paul.beltran@paul-kline.com,775.384.1616x9284,VP of Sales,Paul-Kline,501-1000,Real Estate,Germany,Webinar,4,4,0,0,0,Exploring white-label solutions. Do you offer partnership programs?,partnership,$100K+,15.9,0,
LEAD-1087,2026-01-15,Garrett,Wallace,garrett.wallace@phillipsgriffinandrobbins.com,205.496.4016x582,IT Manager,"Phillips, Griffin and Robbins",1-10,Technology,France,Partner,0,0,0,0,0,Interested in seeing your product in action. We're currently using Monday.com but looking for alternatives.,demo_request,$50K-$100K,5.8,1,64.0
LEAD-1088,2026-01-15,Kimberly,Diaz,kimberly.diaz@harringtonjohnsonandjones.com,(790)892-7557x1928,Operations Manager,"Harrington, Johnson and Jones",501-1000,Retail,Netherlands,LinkedIn,0,0,0,0,0,Looking for pricing details. Do you offer annual discounts?,pricing,$10K-$50K,58.0,0,
LEAD-1089,2026-01-15,Jill,Porter,jill.porter@wright-wilson.com,(381)944-7394x7312,Business Development Manager,Wright-Wilson,201-500,Finance,Netherlands,Referral,8,4,1,0,0,Can your platform handle 100K contacts? What are the technical limitations?,technical,$100K+,26.8,1,21.0
LEAD-1090,2026-01-15,Megan,Flores,megan.flores@wallacemillerandfleming.com,(518)484-4225x831,Chief Innovation Officer,"Wallace, Miller and Fleming",201-500,E-commerce,France,Website,6,0,0,0,1,Can you share pricing information? We're a 201-500 E-commerce company.,pricing,$10K-$50K,17.8,0,
LEAD-1091,2026-01-15,Miguel,Lara,miguel.lara@johnson-spencer.com,+1-829-811-4678,CEO,Johnson-Spencer,1000+,Healthcare,Germany,Partner,5,0,0,0,0,Can you help us set up custom workflows for our sales process?,support,$100K+,12.9,1,75.0
LEAD-1092,2026-01-15,Dawn,Cole,dawn.cole@martinezllc.com,+1-685-428-9226x80182,Operations Manager,Martinez LLC,51-200,Marketing,Australia,Conference,5,0,0,0,0,Interested in seeing your product in action. We're currently using Monday.com but looking for alternatives.,demo_request,$50K-$100K,,0,
LEAD-1093,2026-01-15,Justin,Miller,justin.miller@perezmezaandstone.com,484.424.9818,Sales Manager,"Perez, Meza and Stone",501-1000,Real Estate,India,Referral,0,0,0,1,0,Looking for pricing details. Do you offer annual discounts?,pricing,$10K-$50K,,1,82.0
LEAD-1094,2026-01-15,Anne,Bryan,anne.bryan@lejacobsandkirby.com,2109943969,Operations Manager,"Le, Jacobs and Kirby",11-50,Manufacturing,USA,Cold Email,4,0,0,0,1,Can we book a demo? Our team of 46 sales reps needs a better solution for managing leads.,demo_request,$10K-$50K,21.0,0,
LEAD-1095,2026-01-15,Linda,Cohen,linda.cohen@robertsfryeandwebb.com,771-702-7677x3592,Operations Manager,"Roberts, Frye and Webb",1000+,Technology,UK,Cold Email,7,3,2,1,0,Can we book a demo? Our team of 4067 sales reps needs a better solution for managing leads.,demo_request,< $10K,43.6,1,49.0
LEAD-1096,2026-01-15,Mitchell,Hoffman,mitchell.hoffman@hester-anderson.com,537-414-7321x04696,Business Development Manager,Hester-Anderson,51-200,Consulting,UAE,Partner,2,0,0,0,0,Need help understanding your automation features. Do you have documentation?,support,Not specified,14.3,0,
LEAD-1097,2026-01-15,Wendy,Owens,wendy.owens@griffithleeandmoore.com,670-916-8733x9500,Product Manager,"Griffith, Lee and Moore",1000+,Logistics,India,Webinar,0,6,1,0,0,Can we book a demo? Our team of 4087 sales reps needs a better solution for managing leads.,demo_request,$50K-$100K,41.5,1,90.0
LEAD-1098,2026-01-15,Daniel,Anderson,daniel.anderson@chambersmitchellandsmith.com,656-350-6098x358,CEO,"Chambers, Mitchell and Smith",51-200,Automotive,Germany,LinkedIn,8,0,0,0,2,Need help understanding your automation features. Do you have documentation?,support,$10K-$50K,71.2,0,
LEAD-1099,2026-01-15,Veronica,Becker,veronica.becker@duran-ramirez.com,521-865-5852,IT Manager,Duran-Ramirez,201-500,Automotive,UAE,Cold Email,3,1,0,0,0,Looking for pricing details. Do you offer annual discounts?,pricing,Not specified,12.3,0,
LEAD-1100,2026-01-15,Mason,Wells,mason.wells@williamsltd.com,729.982.5952x694,Operations Manager,Williams Ltd,501-1000,Consulting,UK,Cold Email,6,2,1,1,0,Can we book a demo? Our team of 787 sales reps needs a better solution for managing leads.,demo_request,$100K+,0.7,1,81.0
LEAD-1101,2026-01-15,Mark,Rodriguez,mark.rodriguez@wells-smith.com,(894)409-7499x30972,Sales Manager,Wells-Smith,1-10,Technology,India,LinkedIn,4,0,0,1,1,Looking for pricing details. Do you offer annual discounts?,pricing,$100K+,49.3,0,
LEAD-1102,2026-01-15,Daniel,Smith,daniel.smith@johnsonltd.com,762-963-6897x02838,CTO,Johnson Ltd,501-1000,Finance,Australia,Referral,3,0,0,0,1,We're having issues with lead scoring. Can someone help?,support,$100K+,20.2,1,21.0
LEAD-1103,2026-01-15,Amanda,Payne,amanda.payne@frye-stevens.com,+1-749-973-3484x34437,Marketing Director,Frye-Stevens,1-10,Telecommunications,India,Website,0,0,0,0,0,Does your CRM integrate with Salesforce and HubSpot?,technical,$10K-$50K,21.2,0,
LEAD-1104,2026-01-15,Noah,Baird,noah.baird@hillmartinezandrhodes.com,(624)604-1574x733,Marketing Director,"Hill, Martinez and Rhodes",1000+,E-commerce,Australia,Webinar,0,1,1,1,0,Looking for pricing details. Do you offer annual discounts?,pricing,$100K+,23.3,1,59.0
LEAD-1105,2026-01-15,Rebecca,Perez,rebecca.perez@yangallenandwilliams.com,401.865.7120,VP of Sales,"Yang, Allen and Williams",11-50,Retail,India,Partner,0,0,0,1,0,What are your pricing plans? We have about 37 users.,pricing,$10K-$50K,6.2,1,54.0
LEAD-1106,2026-01-15,Tamara,Morris,tamara.morris@woods-gonzalez.com,+1-401-693-8026x2067,CEO,Woods-Gonzalez,1-10,Marketing,Germany,Conference,3,2,1,0,0,Our current CRM isn't meeting our needs. What migration support do you offer?,support,$10K-$50K,8.9,0,
LEAD-1107,2026-01-15,Daniel,Bird,daniel.bird@evansplc.com,978-687-2874x3152,Chief Innovation Officer,Evans PLC,201-500,Logistics,Germany,Cold Email,5,0,0,0,0,Looking for pricing details. Do you offer annual discounts?,pricing,$100K+,23.4,0,
LEAD-1108,2026-01-15,Ashley,Todd,ashley.todd@doylellc.com,(496)468-5161,CEO,Doyle LLC,51-200,Education,India,Cold Email,6,0,0,0,0,Can your platform handle 500K contacts? What are the technical limitations?,technical,Not specified,49.5,0,
LEAD-1109,2026-01-15,Joe,Molina,joe.molina@smithgroup.com,649-390-4530x17426,IT Manager,Smith Group,201-500,Automotive,Singapore,Referral,3,0,0,0,0,"Hi, I'd like to schedule a demo of your CRM platform. We're a 201-500 company in Automotive looking to streamline our sales process.",demo_request,$10K-$50K,,1,65.0
LEAD-1110,2026-01-15,Susan,Mendoza,susan.mendoza@richardson-walker.com,995.768.7833x918,Operations Manager,Richardson-Walker,51-200,Technology,Netherlands,Partner,3,0,0,0,0,Interested in seeing your product in action. We're currently using HubSpot but looking for alternatives.,demo_request,< $10K,17.7,1,74.0
LEAD-1111,2026-01-15,James,Herrera,james.herrera@rodriguezpooleandleach.com,(958)271-3971,Head of Operations,"Rodriguez, Poole and Leach",51-200,Energy,Australia,Advertisement,0,2,1,0,0,Can your platform handle 500K contacts? What are the technical limitations?,technical,< $10K,50.8,0,
LEAD-1112,2026-01-15,Emily,Parker,emily.parker@perryelliottandhansen.com,7643039106,Operations Manager,"Perry, Elliott and Hansen",201-500,Energy,India,Webinar,5,2,1,0,0,Can we book a demo? Our team of 239 sales reps needs a better solution for managing leads.,demo_request,Not specified,13.3,1,47.0
LEAD-1113,2026-01-15,Valerie,Kennedy,valerie.kennedy@michaelinc.com,762-326-5676x6182,VP of Sales,Michael Inc,1-10,Manufacturing,Netherlands,Advertisement,2,0,0,0,0,Need help understanding your automation features. Do you have documentation?,support,< $10K,60.5,0,
LEAD-1114,2026-01-15,Mary,Avila,mary.avila@longandersonandirwin.com,378-268-6337x5243,Marketing Director,"Long, Anderson and Irwin",501-1000,Telecommunications,Netherlands,Advertisement,6,0,0,0,0,Can you share pricing information? We're a 501-1000 Telecommunications company.,pricing,< $10K,21.6,0,
LEAD-1115,2026-01-15,Pamela,Allen,pamela.allen@mendez-mayer.com,819-907-9030,Head of Operations,Mendez-Mayer,1000+,Healthcare,UK,Referral,6,4,2,0,0,What are your pricing plans? We have about 2104 users.,pricing,< $10K,,1,78.0
LEAD-1116,2026-01-15,Donald,Holder,donald.holder@websterinc.com,595.899.5342,CTO,Webster Inc,501-1000,Marketing,India,Website,0,0,0,0,0,We're having issues with lead scoring. Can someone help?,support,Not specified,49.5,0,
LEAD-1117,2026-01-15,Nichole,Buck,nichole.buck@hawkinsplc.com,+1-868-470-5685x6624,Head of Operations,Hawkins PLC,11-50,Retail,France,Partner,0,0,0,0,0,Need help understanding your automation features. Do you have documentation?,support,< $10K,24.3,0,
LEAD-1118,2026-01-15,Meredith,Thomas,meredith.thomas@allen-perez.com,708.366.8826x343,IT Manager,Allen-Perez,201-500,Telecommunications,Australia,Webinar,6,1,0,0,0,Can we book a demo? Our team of 404 sales reps needs a better solution for managing leads.,demo_request,Not specified,23.8,0,
LEAD-1119,2026-01-15,James,Adams,james.adams@davis-hardy.com,+1-599-501-3983x73540,Marketing Director,Davis-Hardy,201-500,Education,UK,Cold Email,5,2,0,0,0,Exploring white-label solutions. Do you offer partnership programs?,partnership,$10K-$50K,17.8,0,
LEAD-1120,2026-01-15,Robin,Dominguez,robin.dominguez@burgessgroup.com,001-636-738-5467x854,Product Manager,Burgess Group,11-50,Automotive,India,LinkedIn,8,1,0,0,0,Exploring white-label solutions. Do you offer partnership programs?,partnership,$10K-$50K,3.7,0,
LEAD-1121,2026-01-15,Jennifer,Gill,jennifer.gill@owens-lang.com,835-656-0932x04899,Sales Manager,Owens-Lang,1000+,Pharmaceuticals,India,Advertisement,0,0,0,0,1,Can you share pricing information? We're a 1000+ Pharmaceuticals company.,pricing,$10K-$50K,2.3,0,
LEAD-1122,2026-01-15,John,Pierce,john.pierce@hall-hudson.com,+1-254-277-7252x28728,CTO,Hall-Hudson,51-200,Real Estate,UK,Referral,4,0,0,1,0,"Hi, I'd like to schedule a demo of your CRM platform. We're a 51-200 company in Real Estate looking to streamline our sales process.",demo_request,$50K-$100K,48.9,1,38.0
LEAD-1123,2026-01-15,Brandon,Smith,brandon.smith@landryltd.com,(231)920-3875,VP of Sales,Landry Ltd,501-1000,Finance,UAE,Webinar,7,0,0,0,0,Would love to see a demo. We need better reporting and analytics for our sales pipeline.,demo_request,$10K-$50K,54.3,1,15.0
LEAD-1124,2026-01-15,Robert,Smith,robert.smith@smithplc.com,001-548-640-8621x1823,VP of Sales,Smith PLC,501-1000,Healthcare,UAE,Webinar,3,3,0,0,1,Looking for pricing details. Do you offer annual discounts?,pricing,$10K-$50K,51.0,0,
LEAD-1125,2026-01-15,Susan,Stevens,susan.stevens@norton-miller.com,934.210.1666,Operations Manager,Norton-Miller,501-1000,E-commerce,UK,Referral,7,0,0,0,0,Would love to see a demo. We need better reporting and analytics for our sales pipeline.,demo_request,Not specified,46.6,1,78.0
LEAD-1126,2026-01-15,Kristen,Knight,kristen.knight@jacksonporterandhamilton.com,380-633-9740,VP of Sales,"Jackson, Porter and Hamilton",11-50,Consulting,France,Referral,3,3,3,0,0,Can we book a demo? Our team of 35 sales reps needs a better solution for managing leads.,demo_request,$100K+,32.2,0,
LEAD-1127,2026-01-15,Alexis,Clark,alexis.clark@barrettwhiteandjefferson.com,(761)842-9396,Director of Marketing,"Barrett, White and Jefferson",1-10,E-commerce,USA,Conference,0,0,0,0,1,Need a quote for 4 users. What features are included in each tier?,pricing,< $10K,32.1,0,
LEAD-1128,2026-01-15,Jennifer,Mason,jennifer.mason@gibbsltd.com,(201)663-1599x965,Head of Operations,Gibbs Ltd,201-500,Healthcare,Germany,Website,5,0,0,1,0,Would like to discuss becoming a reseller partner in Germany.,partnership,$10K-$50K,41.3,0,
LEAD-1129,2026-01-15,Shelley,Reynolds,shelley.reynolds@henry-kelly.com,+1-796-719-4311x42626,VP of Sales,Henry-Kelly,51-200,E-commerce,UAE,Webinar,5,0,0,0,1,What are your pricing plans? We have about 66 users.,pricing,$10K-$50K,,0,
LEAD-1130,2026-01-15,Michael,Nelson,michael.nelson@hahngroup.com,(312)267-8886,IT Manager,Hahn Group,11-50,Telecommunications,India,Referral,8,0,0,0,0,Does your CRM integrate with Salesforce and HubSpot?,technical,Not specified,,0,
LEAD-1131,2026-01-15,Paul,Carter,paul.carter@davisgeorgeandnguyen.com,(918)439-8262x2444,Operations Manager,"Davis, George and Nguyen",1000+,Healthcare,Singapore,Webinar,3,3,0,0,0,Can you help us set up custom workflows for our sales process?,support,$100K+,64.4,0,
LEAD-1132,2026-01-15,Kirsten,Ward,kirsten.ward@hill-evans.com,279.893.7124,Operations Manager,Hill-Evans,1-10,Technology,UK,Partner,0,5,0,0,0,Exploring white-label solutions. Do you offer partnership programs?,partnership,$50K-$100K,27.1,0,
LEAD-1133,2026-01-15,Ryan,Colon,ryan.colon@jamesatkinsandalexander.com,+1-992-545-9375x2654,Product Manager,"James, Atkins and Alexander",1000+,Finance,USA,Conference,5,5,3,0,0,Can we book a demo? Our team of 3785 sales reps needs a better solution for managing leads.,demo_request,< $10K,58.9,1,61.0
LEAD-1134,2026-01-15,Daniel,Elliott,daniel.elliott@velasquez-long.com,001-382-880-7374,CTO,Velasquez-Long,1000+,Finance,Singapore,Cold Email,4,2,0,0,0,Our current CRM isn't meeting our needs. What migration support do you offer?,support,$10K-$50K,52.2,0,
LEAD-1135,2026-01-15,Johnny,Moore,johnny.moore@schultzandsons.com,(361)379-7968x86805,Marketing Director,Schultz and Sons,1000+,Finance,India,Partner,3,0,0,0,1,Need a quote for 2134 users. What features are included in each tier?,pricing,Not specified,52.1,1,10.0
LEAD-1136,2026-01-15,Anna,Newman,anna.newman@ortegajacksonandsalazar.com,+1-565-961-0143x8889,Director of Marketing,"Ortega, Jackson and Salazar",1000+,Logistics,France,Cold Email,7,0,0,0,0,Exploring white-label solutions. Do you offer partnership programs?,partnership,< $10K,67.3,0,
LEAD-1137,2026-01-15,Vincent,Cooper,vincent.cooper@barton-chapman.com,6717461125,Product Manager,Barton-Chapman,201-500,Energy,Netherlands,Webinar,7,0,0,0,0,"Hi, I'd like to schedule a demo of your CRM platform. We're a 201-500 company in Energy looking to streamline our sales process.",demo_request,$50K-$100K,36.3,1,61.0
LEAD-1138,2026-01-15,Thomas,Kim,thomas.kim@boydllc.com,001-475-414-0105x123,Operations Manager,Boyd LLC,1000+,Real Estate,UK,Referral,0,0,0,0,0,Need help understanding your automation features. Do you have documentation?,support,$10K-$50K,,0,
LEAD-1139,2026-01-15,Richard,Lopez,richard.lopez@mullen-hall.com,+1-666-309-3796x6033,Marketing Director,Mullen-Hall,1-10,Consulting,Netherlands,Website,3,6,1,1,0,Does your CRM integrate with Salesforce and HubSpot?,technical,$50K-$100K,,0,
LEAD-1140,2026-01-15,Jose,Huffman,jose.huffman@lopeznguyenandellis.com,359.469.6915x57924,CEO,"Lopez, Nguyen and Ellis",51-200,Automotive,UK,Webinar,6,0,0,0,1,What are your pricing plans? We have about 181 users.,pricing,$50K-$100K,,0,
LEAD-1141,2026-01-15,Nathaniel,Thomas,nathaniel.thomas@torresandsons.com,(969)629-6627x8282,Operations Manager,Torres and Sons,1-10,Logistics,Netherlands,LinkedIn,0,6,0,0,0,Would love to see a demo. We need better reporting and analytics for our sales pipeline.,demo_request,$100K+,18.3,1,47.0
LEAD-1142,2026-01-15,Michelle,Crane,michelle.crane@wilkinson-harvey.com,323.268.8767x6772,Marketing Director,Wilkinson-Harvey,51-200,Energy,UK,Webinar,0,3,0,0,0,What are your pricing plans? We have about 170 users.,pricing,< $10K,1.1,0,
LEAD-1143,2026-01-15,Jeffrey,Roberts,jeffrey.roberts@carterllc.com,001-979-578-8191x48580,Chief Innovation Officer,Carter LLC,51-200,E-commerce,France,Cold Email,4,5,0,0,2,Can we book a demo? Our team of 155 sales reps needs a better solution for managing leads.,demo_request,$50K-$100K,,0,
LEAD-1144,2026-01-15,Karen,Evans,karen.evans@fitzgeraldltd.com,7748517133,CTO,Fitzgerald Ltd,201-500,Energy,France,Cold Email,11,0,0,0,0,Our agency works with multiple clients who might benefit from your CRM. Let's talk partnerships.,partnership,< $10K,36.6,0,
LEAD-1145,2026-01-15,Linda,Hudson,linda.hudson@gloverandsons.com,+1-649-382-5449,Marketing Director,Glover and Sons,201-500,Healthcare,Netherlands,Website,4,3,0,0,0,Would love to see a demo. We need better reporting and analytics for our sales pipeline.,demo_request,Not specified,,0,
LEAD-1146,2026-01-15,Michelle,Martinez,michelle.martinez@sellers-riddle.com,(632)853-6729,Sales Manager,Sellers-Riddle,11-50,Consulting,Singapore,Advertisement,0,0,0,1,0,What are your pricing plans? We have about 21 users.,pricing,< $10K,69.7,0,
LEAD-1147,2026-01-15,Richard,Brady,richard.brady@schultzinc.com,001-857-575-9017x518,Head of Operations,Schultz Inc,501-1000,Technology,France,Referral,0,5,1,0,1,Would love to see a demo. We need better reporting and analytics for our sales pipeline.,demo_request,$10K-$50K,27.1,1,89.0
LEAD-1148,2026-01-15,Maria,Morgan,maria.morgan@simpsonllc.com,001-229-375-0017,Head of Operations,Simpson LLC,1-10,E-commerce,Netherlands,LinkedIn,0,0,0,1,0,Interested in seeing your product in action. We're currently using Monday.com but looking for alternatives.,demo_request,$100K+,27.9,0,
LEAD-1149,2026-01-15,Victoria,Patterson,victoria.patterson@alexanderinc.com,001-824-624-1541x520,VP of Sales,Alexander Inc,11-50,Education,Germany,Conference,0,4,2,0,0,Interested in seeing your product in action. We're currently using Zoho but looking for alternatives.,demo_request,$10K-$50K,46.4,0,
LEAD-1150,2026-01-15,Jane,Smith,jane.smith@pattersoninc.com,912.393.8700x5162,CEO,Patterson Inc,501-1000,Manufacturing,UAE,Advertisement,4,0,0,0,0,Our agency works with multiple clients who might benefit from your CRM. Let's talk partnerships.,partnership,$50K-$100K,,0,
LEAD-1151,2026-01-15,Dakota,Richardson,dakota.richardson@crossinc.com,526-422-1890x9275,Director of Marketing,Cross Inc,501-1000,Education,Netherlands,Referral,0,0,0,0,4,Interested in exploring partnership opportunities. We serve Education clients.,partnership,$10K-$50K,58.1,1,52.0
LEAD-1152,2026-01-15,Craig,Goodwin,craig.goodwin@parksheathandmiller.com,001-565-665-2341,Marketing Director,"Parks, Heath and Miller",501-1000,Technology,Australia,Referral,2,0,0,1,0,Looking for pricing details. Do you offer annual discounts?,pricing,< $10K,0.5,1,85.0
LEAD-1153,2026-01-15,Jamie,Lawson,jamie.lawson@johnsonbooneandliu.com,964.303.7613,Sales Manager,"Johnson, Boone and Liu",11-50,Telecommunications,Canada,Referral,7,3,0,0,0,Can you share pricing information? We're a 11-50 Telecommunications company.,pricing,< $10K,23.6,0,
LEAD-1154,2026-01-15,David,Valencia,david.valencia@hatfieldllc.com,001-365-282-7109,Operations Manager,Hatfield LLC,1000+,Real Estate,Singapore,Webinar,0,4,2,0,1,Our current CRM isn't meeting our needs. What migration support do you offer?,support,$100K+,55.6,0,
LEAD-1155,2026-01-15,William,Fuller,william.fuller@livingstongroup.com,566.461.8892x41418,Sales Manager,Livingston Group,1-10,Finance,Netherlands,Cold Email,5,0,0,0,0,Interested in seeing your product in action. We're currently using Zoho but looking for alternatives.,demo_request,$10K-$50K,25.6,0,
LEAD-1156,2026-01-15,Debra,Day,debra.day@willis-hines.com,463-303-1617x9904,CEO,Willis-Hines,1-10,Automotive,USA,Advertisement,3,5,3,0,0,Need help understanding your automation features. Do you have documentation?,support,$100K+,,0,
LEAD-1157,2026-01-15,Tyler,Reed,tyler.reed@milesandsons.com,342.952.4105x64814,Sales Manager,Miles and Sons,1-10,Retail,USA,Conference,5,0,0,0,0,Does your CRM integrate with Salesforce and HubSpot?,technical,$100K+,,0,
LEAD-1158,2026-01-15,Garrett,Moore,garrett.moore@brown-villarreal.com,001-419-413-8000x30756,Product Manager,Brown-Villarreal,51-200,Manufacturing,Germany,Conference,4,0,0,0,0,Need a quote for 143 users. What features are included in each tier?,pricing,$100K+,,0,
LEAD-1159,2026-01-15,Joy,Barnes,joy.barnes@tranltd.com,236-854-1951x80238,CTO,Tran Ltd,11-50,Finance,France,Partner,4,0,0,0,0,Does your CRM integrate with Salesforce and HubSpot?,technical,$50K-$100K,19.3,0,
LEAD-1160,2026-01-15,Lance,Miller,lance.miller@cline-ayala.com,905.534.9493x759,VP of Sales,Cline-Ayala,51-200,E-commerce,USA,LinkedIn,0,0,0,0,0,What are your pricing plans? We have about 158 users.,pricing,$10K-$50K,6.1,0,
LEAD-1161,2026-01-15,Robert,Hall,robert.hall@hodgessanchezandsmith.com,(205)406-4138x367,Marketing Director,"Hodges, Sanchez and Smith",1000+,Technology,UAE,Referral,0,0,0,0,0,Would like to discuss becoming a reseller partner in UAE.,partnership,Not specified,65.6,1,15.0
LEAD-1162,2026-01-15,Phyllis,Meyer,phyllis.meyer@williamsandsons.com,001-257-819-1826x199,Product Manager,Williams and Sons,1-10,Real Estate,UAE,Webinar,7,2,1,1,0,Do you support SSO and custom authentication? What about data encryption?,technical,< $10K,7.7,0,
LEAD-1163,2026-01-15,Melissa,Howe,melissa.howe@youngllc.com,(455)974-3132x9121,Product Manager,Young LLC,501-1000,Logistics,Australia,Conference,4,2,0,0,0,Can we book a demo? Our team of 854 sales reps needs a better solution for managing leads.,demo_request,$50K-$100K,1.9,1,45.0
LEAD-1164,2026-01-15,Kaylee,Hayes,kaylee.hayes@martinez-howard.com,541.712.4903x521,Chief Innovation Officer,Martinez-Howard,51-200,Retail,Singapore,LinkedIn,1,0,0,0,0,Need help understanding your automation features. Do you have documentation?,support,Not specified,59.2,0,
LEAD-1165,2026-01-15,Lori,Thompson,lori.thompson@byrdllc.com,(478)583-1712x1003,Chief Innovation Officer,Byrd LLC,11-50,Healthcare,France,Advertisement,0,3,0,1,0,Can we book a demo? Our team of 26 sales reps needs a better solution for managing leads.,demo_request,$50K-$100K,33.7,0,
LEAD-1166,2026-01-15,Christopher,Willis,christopher.willis@parks-pace.com,201-937-2151,Operations Manager,Parks-Pace,1000+,Logistics,UK,Website,0,1,1,0,1,Looking for pricing details. Do you offer annual discounts?,pricing,$10K-$50K,56.3,0,
LEAD-1167,2026-01-15,Patrick,Simmons,patrick.simmons@hamiltonramseyandcrawford.com,(632)944-7209x993,Operations Manager,"Hamilton, Ramsey and Crawford",11-50,Pharmaceuticals,Germany,Cold Email,0,7,3,0,1,We're having issues with lead scoring. Can someone help?,support,$50K-$100K,27.4,0,
LEAD-1168,2026-01-15,Robert,Day,robert.day@mendozamillerandreyes.com,638.406.5787x59856,IT Manager,"Mendoza, Miller and Reyes",201-500,Retail,Germany,Conference,2,1,1,0,0,Looking for pricing details. Do you offer annual discounts?,pricing,$50K-$100K,51.3,0,
LEAD-1169,2026-01-15,Brian,Frey,brian.frey@robinsonhuangandosborne.com,759.432.1334x80396,VP of Sales,"Robinson, Huang and Osborne",1000+,Retail,Germany,Cold Email,7,4,1,1,0,What APIs do you provide? We need to integrate with our existing tech stack.,technical,< $10K,71.6,1,31.0
LEAD-1170,2026-01-15,Brittany,Warner,brittany.warner@stewartrojasandhoward.com,(399)229-3784x270,Operations Manager,"Stewart, Rojas and Howard",51-200,Automotive,Germany,Partner,7,1,1,0,1,Our current CRM isn't meeting our needs. What migration support do you offer?,support,$50K-$100K,16.4,0,
LEAD-1171,2026-01-15,Aaron,Hardin,aaron.hardin@smithgroup.com,425.325.0029,Product Manager,Smith Group,1000+,Energy,France,Webinar,7,3,1,0,0,"Hi, I'd like to schedule a demo of your CRM platform. We're a 1000+ company in Energy looking to streamline our sales process.",demo_request,$50K-$100K,62.8,1,24.0
LEAD-1172,2026-01-15,Sheri,Foster,sheri.foster@yu-brooks.com,454-752-2675,Marketing Director,Yu-Brooks,11-50,Education,India,Partner,0,2,2,0,0,Can we book a demo? Our team of 14 sales reps needs a better solution for managing leads.,demo_request,$10K-$50K,55.1,0,
LEAD-1173,2026-01-15,Kelly,Thompson,kelly.thompson@olsengrayandgross.com,5963902959,Operations Manager,"Olsen, Gray and Gross",11-50,E-commerce,India,Advertisement,6,4,0,0,0,Interested in seeing your product in action. We're currently using Salesforce but looking for alternatives.,demo_request,$10K-$50K,25.1,0,
LEAD-1174,2026-01-15,John,Haas,john.haas@riverainc.com,(715)670-4331,Marketing Director,Rivera Inc,1-10,Real Estate,UAE,Conference,0,3,0,0,0,Can your platform handle 50K contacts? What are the technical limitations?,technical,$100K+,,0,
LEAD-1175,2026-01-15,Tanya,Wilkerson,tanya.wilkerson@smithcruzandoconnor.com,665.286.1793x2710,Chief Innovation Officer,"Smith, Cruz and Oconnor",1000+,Finance,Germany,Website,7,0,0,0,0,Interested in seeing your product in action. We're currently using Salesforce but looking for alternatives.,demo_request,< $10K,27.7,1,39.0
LEAD-1176,2026-01-15,Pamela,Martin,pamela.martin@jonesandsons.com,481-859-9706,Director of Marketing,Jones and Sons,201-500,Automotive,Canada,Website,5,3,0,0,0,What APIs do you provide? We need to integrate with our existing tech stack.,technical,$10K-$50K,56.1,0,
LEAD-1177,2026-01-15,Robert,Spencer,robert.spencer@riveraandsons.com,001-284-744-3106x9872,Chief Innovation Officer,Rivera and Sons,501-1000,Manufacturing,Australia,Advertisement,0,0,0,0,0,Our agency works with multiple clients who might benefit from your CRM. Let's talk partnerships.,partnership,$10K-$50K,56.2,0,
LEAD-1178,2026-01-15,Colleen,Castillo,colleen.castillo@phillipsltd.com,803-924-1714,Head of Operations,Phillips Ltd,1000+,Automotive,UK,Cold Email,3,3,1,0,0,We're having issues with lead scoring. Can someone help?,support,< $10K,47.9,0,
LEAD-1179,2026-01-15,Nathan,James,nathan.james@bakermayandhughes.com,(270)447-7434,Marketing Director,"Baker, May and Hughes",51-200,Education,Singapore,Conference,3,0,0,1,0,Need a quote for 173 users. What features are included in each tier?,pricing,$10K-$50K,4.7,0,
LEAD-1180,2026-01-15,Robert,Avila,robert.avila@davisbarnettandmorton.com,580.968.6879,Marketing Director,"Davis, Barnett and Morton",11-50,Healthcare,India,Partner,7,0,0,0,0,What are your pricing plans? We have about 41 users.,pricing,< $10K,23.0,1,74.0
LEAD-1181,2026-01-15,Wayne,Lester,wayne.lester@orr-klein.com,001-492-217-2233,Director of Marketing,Orr-Klein,1000+,E-commerce,Netherlands,Webinar,5,3,3,0,0,Do you support SSO and custom authentication? What about data encryption?,technical,$10K-$50K,34.1,0,
LEAD-1182,2026-01-15,Mary,Scott,mary.scott@grahamosbornandburton.com,001-811-368-6854x8709,Sales Manager,"Graham, Osborn and Burton",11-50,Healthcare,Singapore,Cold Email,5,0,0,0,0,Can you share pricing information? We're a 11-50 Healthcare company.,pricing,$50K-$100K,,0,
LEAD-1183,2026-01-15,Katherine,Ayers,katherine.ayers@knightplc.com,991-948-5646,CTO,Knight PLC,1000+,Pharmaceuticals,USA,Advertisement,5,2,2,0,0,Can your platform handle 500K contacts? What are the technical limitations?,technical,$50K-$100K,44.8,0,
LEAD-1184,2026-01-15,Erin,Morales,erin.morales@powell-montgomery.com,(353)507-4505x4447,Chief Innovation Officer,Powell-Montgomery,1000+,Pharmaceuticals,Australia,Partner,0,5,3,0,0,Need help understanding your automation features. Do you have documentation?,support,$50K-$100K,13.9,1,57.0
LEAD-1185,2026-01-15,Robert,Brewer,robert.brewer@ramospetersenandadams.com,473.367.8508,Chief Innovation Officer,"Ramos, Petersen and Adams",11-50,Consulting,Germany,Webinar,0,2,1,1,0,Need a quote for 48 users. What features are included in each tier?,pricing,< $10K,31.4,0,
LEAD-1186,2026-01-15,Ashley,Thompson,ashley.thompson@powelldeleonandwarren.com,703.907.0534,VP of Sales,"Powell, Deleon and Warren",201-500,Logistics,UAE,Referral,5,0,0,0,0,Can you help us set up custom workflows for our sales process?,support,$100K+,10.4,0,
LEAD-1187,2026-01-15,Tracy,Griffin,tracy.griffin@leblancmaldonadoandallen.com,598.555.2414x0602,Head of Operations,"Leblanc, Maldonado and Allen",1000+,Logistics,UAE,Webinar,3,4,1,0,0,Can your platform handle 10K contacts? What are the technical limitations?,technical,$50K-$100K,42.2,0,
LEAD-1188,2026-01-15,Michelle,Coffey,michelle.coffey@clarkpearsonandpalmer.com,+1-707-922-9034x94466,Operations Manager,"Clark, Pearson and Palmer",1000+,Automotive,India,Conference,7,2,0,0,0,What are your pricing plans? We have about 3799 users.,pricing,< $10K,21.6,1,76.0
LEAD-1189,2026-01-15,Cindy,Silva,cindy.silva@turner-meyer.com,9853899441,CTO,Turner-Meyer,1-10,Education,Singapore,Cold Email,1,3,1,0,0,Need help understanding your automation features. Do you have documentation?,support,< $10K,,0,
LEAD-1190,2026-01-15,Jose,Dawson,jose.dawson@davidson-hensley.com,+1-643-628-3096x5207,Director of Marketing,Davidson-Hensley,11-50,E-commerce,Singapore,Webinar,5,3,1,0,0,Our agency works with multiple clients who might benefit from your CRM. Let's talk partnerships.,partnership,$100K+,,0,
LEAD-1191,2026-01-15,Jean,Armstrong,jean.armstrong@price-johnson.com,453.687.5842,VP of Sales,Price-Johnson,501-1000,Retail,Canada,Conference,0,3,0,1,0,Interested in exploring partnership opportunities. We serve Retail clients.,partnership,$10K-$50K,37.7,0,
LEAD-1192,2026-01-15,Lindsey,Hines,lindsey.hines@figueroaltd.com,(751)635-3465,Business Development Manager,Figueroa Ltd,501-1000,Finance,India,Advertisement,0,0,0,0,0,Can you share pricing information? We're a 501-1000 Finance company.,pricing,Not specified,17.9,0,
LEAD-1193,2026-01-15,Michelle,Silva,michelle.silva@york-ruiz.com,+1-417-538-1684x602,Product Manager,York-Ruiz,1000+,Logistics,Australia,LinkedIn,6,6,1,0,2,Need help understanding your automation features. Do you have documentation?,support,Not specified,,0,
LEAD-1194,2026-01-15,Michelle,White,michelle.white@orozcohatfieldandthomas.com,575-425-0074,Business Development Manager,"Orozco, Hatfield and Thomas",11-50,Telecommunications,UAE,Website,6,0,0,0,0,Does your CRM integrate with Salesforce and HubSpot?,technical,$100K+,3.2,0,
LEAD-1195,2026-01-15,David,Hamilton,david.hamilton@burnsinc.com,(266)276-0083x50583,Business Development Manager,Burns Inc,1-10,Finance,France,LinkedIn,6,0,0,0,0,Do you support SSO and custom authentication? What about data encryption?,technical,Not specified,,0,
LEAD-1196,2026-01-15,Larry,Garcia,larry.garcia@perezllc.com,494.721.0447x89856,CTO,Perez LLC,1-10,Education,UAE,Conference,1,0,0,0,1,Need a quote for 3 users. What features are included in each tier?,pricing,$50K-$100K,10.8,0,
LEAD-1197,2026-01-15,Stacy,Hull,stacy.hull@howard-lopez.com,(803)632-3098x2150,CEO,Howard-Lopez,1000+,Pharmaceuticals,Australia,Referral,0,0,0,0,0,Our agency works with multiple clients who might benefit from your CRM. Let's talk partnerships.,partnership,$10K-$50K,,0,
LEAD-1198,2026-01-15,Desiree,Smith,desiree.smith@williamsvangandstanley.com,001-616-876-1847x230,VP of Sales,"Williams, Vang and Stanley",51-200,Manufacturing,UK,Website,6,6,0,1,0,Looking for pricing details. Do you offer annual discounts?,pricing,$50K-$100K,,1,37.0
LEAD-1199,2026-01-15,Robert,Roach,robert.roach@meyerdeanandhaynes.com,891.641.1739x34835,CTO,"Meyer, Dean and Haynes",1-10,Retail,Netherlands,Cold Email,4,3,0,0,0,Looking for pricing details. Do you offer annual discounts?,pricing,$50K-$100K,10.1,0,
LEAD-1200,2026-01-15,Mark,Smith,mark.smith@crawfordclarkandfitzpatrick.com,+1-611-997-2181x14374,IT Manager,"Crawford, Clark and Fitzpatrick",51-200,Logistics,Singapore,Partner,2,0,0,0,0,Can your platform handle 10K contacts? What are the technical limitations?,technical,< $10K,45.7,0,
LEAD-1201,2026-01-15,Michael,Rhodes,michael.rhodes@sawyerllc.com,(711)400-2255x79415,Marketing Director,Sawyer LLC,501-1000,E-commerce,India,Cold Email,7,6,2,0,1,Can you share pricing information? We're a 501-1000 E-commerce company.,pricing,< $10K,36.4,1,37.0
LEAD-1202,2026-01-15,Paul,Jefferson,paul.jefferson@rivers-nelson.com,(821)720-2169x79729,Business Development Manager,Rivers-Nelson,501-1000,Pharmaceuticals,Canada,Referral,4,0,0,1,1,Exploring white-label solutions. Do you offer partnership programs?,partnership,$10K-$50K,,1,73.0
LEAD-1203,2026-01-15,Timothy,Freeman,timothy.freeman@hobbsacostaandsnow.com,(370)814-5089x93588,IT Manager,"Hobbs, Acosta and Snow",51-200,Real Estate,Singapore,Website,0,3,3,0,1,Can your platform handle 100K contacts? What are the technical limitations?,technical,Not specified,60.2,0,
LEAD-1204,2026-01-15,Erica,Cruz,erica.cruz@olsonltd.com,+1-390-902-8772,Business Development Manager,Olson Ltd,51-200,Real Estate,Germany,Advertisement,5,2,0,0,0,What APIs do you provide? We need to integrate with our existing tech stack.,technical,$10K-$50K,,0,
LEAD-1205,2026-01-15,Jeffrey,Schneider,jeffrey.schneider@cordova-williams.com,(231)377-9717x7517,Operations Manager,Cordova-Williams,501-1000,Automotive,UK,Cold Email,8,0,0,0,2,Can you share pricing information? We're a 501-1000 Automotive company.,pricing,$10K-$50K,3.3,1,25.0
LEAD-1206,2026-01-15,Margaret,Conner,margaret.conner@hawkinsinc.com,+1-948-783-7550x375,VP of Sales,Hawkins Inc,1-10,Finance,France,Advertisement,8,1,0,0,1,Can your platform handle 50K contacts? What are the technical limitations?,technical,$100K+,57.3,0,
LEAD-1207,2026-01-15,Jeffrey,Peterson,jeffrey.peterson@davisltd.com,+1-548-585-1027x2614,Head of Operations,Davis Ltd,11-50,E-commerce,UAE,Referral,9,0,0,0,0,Would love to see a demo. We need better reporting and analytics for our sales pipeline.,demo_request,$10K-$50K,13.2,1,85.0
LEAD-1208,2026-01-15,James,Morgan,james.morgan@lewis-summers.com,001-860-991-7798x27080,Business Development Manager,Lewis-Summers,501-1000,Technology,UAE,LinkedIn,0,2,0,1,0,Would love to see a demo. We need better reporting and analytics for our sales pipeline.,demo_request,$50K-$100K,53.5,1,80.0
LEAD-1209,2026-01-15,Jessica,Anderson,jessica.anderson@holtandsons.com,(999)458-6693x4654,Head of Operations,Holt and Sons,1-10,Real Estate,Canada,Partner,1,4,0,0,0,Looking for pricing details. Do you offer annual discounts?,pricing,$100K+,49.7,0,
LEAD-1210,2026-01-15,Jacqueline,Valencia,jacqueline.valencia@gravesgoodmanandevans.com,001-783-333-9452x288,VP of Sales,"Graves, Goodman and Evans",201-500,Education,UK,Advertisement,4,0,0,1,0,Looking for pricing details. Do you offer annual discounts?,pricing,$50K-$100K,35.1,0,
LEAD-1211,2026-01-15,Robert,Adkins,robert.adkins@castilloduncanandcontreras.com,+1-246-208-1062,Chief Innovation Officer,"Castillo, Duncan and Contreras",501-1000,Education,India,Referral,3,2,1,1,0,What APIs do you provide? We need to integrate with our existing tech stack.,technical,< $10K,,1,88.0
LEAD-1212,2026-01-15,John,Franco,john.franco@terrellltd.com,001-843-580-5719x838,VP of Sales,Terrell Ltd,1-10,Telecommunications,UK,Partner,4,1,1,0,0,"Hi, I'd like to schedule a demo of your CRM platform. We're a 1-10 company in Telecommunications looking to streamline our sales process.",demo_request,$10K-$50K,31.9,0,
LEAD-1213,2026-01-15,Paul,Frye,paul.frye@robertsbeckandhouse.com,+1-558-500-4397x35989,Head of Operations,"Roberts, Beck and House",1000+,Logistics,UAE,Cold Email,0,5,1,0,0,"Hi, I'd like to schedule a demo of your CRM platform. We're a 1000+ company in Logistics looking to streamline our sales process.",demo_request,$100K+,14.8,0,
LEAD-1214,2026-01-15,Jacob,Thompson,jacob.thompson@luceroinc.com,916.406.4842x29405,CTO,Lucero Inc,1000+,Automotive,UK,Conference,4,4,1,0,0,Our current CRM isn't meeting our needs. What migration support do you offer?,support,Not specified,,0,
LEAD-1215,2026-01-15,Colleen,Cameron,colleen.cameron@carlson-ayala.com,479-885-1583x2818,CTO,Carlson-Ayala,501-1000,Retail,Australia,Conference,1,3,0,0,0,Exploring white-label solutions. Do you offer partnership programs?,partnership,< $10K,27.9,0,
LEAD-1216,2026-01-15,Jason,Rivera,jason.rivera@davis-walker.com,(543)298-7801x573,Sales Manager,Davis-Walker,11-50,Pharmaceuticals,Germany,Advertisement,8,2,1,0,0,"Hi, I'd like to schedule a demo of your CRM platform. We're a 11-50 company in Pharmaceuticals looking to streamline our sales process.",demo_request,$50K-$100K,41.5,0,
LEAD-1217,2026-01-15,Daniel,Scott,daniel.scott@james-hogan.com,001-340-385-8877x0435,IT Manager,James-Hogan,1000+,Pharmaceuticals,Germany,Cold Email,0,0,0,0,0,Need help understanding your automation features. Do you have documentation?,support,< $10K,39.2,0,
LEAD-1218,2026-01-15,Crystal,Lewis,crystal.lewis@fergusonsimsandclark.com,+1-261-438-6120x75011,Sales Manager,"Ferguson, Sims and Clark",201-500,Education,Netherlands,Partner,9,1,1,0,0,Interested in seeing your product in action. We're currently using Pipedrive but looking for alternatives.,demo_request,Not specified,,1,57.0
LEAD-1219,2026-01-15,Rickey,Hayes,rickey.hayes@jonesunderwoodandbartlett.com,(765)306-1809x1901,IT Manager,"Jones, Underwood and Bartlett",1000+,Telecommunications,Canada,LinkedIn,6,3,0,0,0,"Hi, I'd like to schedule a demo of your CRM platform. We're a 1000+ company in Telecommunications looking to streamline our sales process.",demo_request,$100K+,25.0,1,70.0
LEAD-1220,2026-01-15,Samuel,Foster,samuel.foster@turnermillerandhubbard.com,+1-407-328-3268x42450,Chief Innovation Officer,"Turner, Miller and Hubbard",201-500,Manufacturing,India,Webinar,2,0,0,0,0,Would like to discuss becoming a reseller partner in India.,partnership,$10K-$50K,53.3,0,
LEAD-1221,2026-01-15,Kevin,Goodman,kevin.goodman@carlsonmedinaandarroyo.com,001-453-268-2223x9431,IT Manager,"Carlson, Medina and Arroyo",1-10,Finance,India,Referral,7,1,1,0,0,Need help understanding your automation features. Do you have documentation?,support,$10K-$50K,34.6,0,
LEAD-1222,2026-01-15,Carlos,Garcia,carlos.garcia@murraydunnandroberts.com,001-997-955-2314x9135,Head of Operations,"Murray, Dunn and Roberts",1-10,Consulting,Australia,Webinar,5,1,1,1,0,Looking for pricing details. Do you offer annual discounts?,pricing,$50K-$100K,35.4,0,
LEAD-1223,2026-01-15,Michael,Stewart,michael.stewart@torressilvaandcunningham.com,(720)653-3645x25777,Product Manager,"Torres, Silva and Cunningham",201-500,Logistics,UK,Conference,4,6,0,1,1,Exploring white-label solutions. Do you offer partnership programs?,partnership,$50K-$100K,43.8,0,
LEAD-1224,2026-01-15,Christopher,Ramirez,christopher.ramirez@thompsonplc.com,(883)541-1080,Sales Manager,Thompson PLC,51-200,Logistics,Singapore,Partner,6,0,0,0,0,Does your CRM integrate with Salesforce and HubSpot?,technical,< $10K,,0,
LEAD-1225,2026-01-15,Desiree,Hernandez,desiree.hernandez@greenshannonandfernandez.com,(539)442-7881x6580,CTO,"Green, Shannon and Fernandez",501-1000,Telecommunications,UK,Conference,10,0,0,1,0,Interested in seeing your product in action. We're currently using Salesforce but looking for alternatives.,demo_request,$50K-$100K,23.8,1,66.0
LEAD-1226,2026-01-15,Ashley,Knight,ashley.knight@griffinandsons.com,(775)503-7314,Business Development Manager,Griffin and Sons,501-1000,Logistics,France,Partner,0,4,2,0,0,Need a quote for 617 users. What features are included in each tier?,pricing,$50K-$100K,19.1,1,8.0
LEAD-1227,2026-01-15,Paul,Hardin,paul.hardin@holmesllc.com,4058184498,Sales Manager,Holmes LLC,1-10,Marketing,Canada,Conference,4,0,0,1,0,What are your pricing plans? We have about 9 users.,pricing,Not specified,18.4,0,
LEAD-1228,2026-01-15,Christian,King,christian.king@matthews-villanueva.com,486.955.7790,Product Manager,Matthews-Villanueva,1000+,Pharmaceuticals,India,Cold Email,0,5,2,0,1,Our agency works with multiple clients who might benefit from your CRM. Let's talk partnerships.,partnership,$10K-$50K,46.0,0,
LEAD-1229,2026-01-15,Jason,Lopez,jason.lopez@robertsonllc.com,(491)836-5177x739,IT Manager,Robertson LLC,201-500,Retail,Netherlands,Cold Email,2,0,0,1,0,Our agency works with multiple clients who might benefit from your CRM. Let's talk partnerships.,partnership,$100K+,30.5,0,
LEAD-1230,2026-01-15,Evan,Soto,evan.soto@andersonplc.com,2926024286,Chief Innovation Officer,Anderson PLC,201-500,Education,Singapore,Website,5,4,0,1,0,We're having issues with lead scoring. Can someone help?,support,$10K-$50K,70.2,0,
LEAD-1231,2026-01-15,Michelle,Jackson,michelle.jackson@colegroup.com,(592)892-9842x57991,IT Manager,Cole Group,1000+,Technology,Germany,LinkedIn,2,1,1,0,1,Interested in seeing your product in action. We're currently using Pipedrive but looking for alternatives.,demo_request,$10K-$50K,4.2,1,34.0
LEAD-1232,2026-01-15,Michele,Gordon,michele.gordon@smithplc.com,(429)212-7990x88117,Sales Manager,Smith PLC,1-10,Manufacturing,India,Website,0,0,0,0,0,"Hi, I'd like to schedule a demo of your CRM platform. We're a 1-10 company in Manufacturing looking to streamline our sales process.",demo_request,$100K+,,0,
LEAD-1233,2026-01-15,Bradley,Moreno,bradley.moreno@banksboydandwood.com,676.959.9162,CEO,"Banks, Boyd and Wood",51-200,Logistics,USA,Webinar,5,5,0,1,0,Interested in seeing your product in action. We're currently using HubSpot but looking for alternatives.,demo_request,< $10K,31.8,0,
LEAD-1234,2026-01-15,Ricky,Lopez,ricky.lopez@campbellplc.com,001-309-481-8063x565,Director of Marketing,Campbell PLC,501-1000,Automotive,Singapore,Referral,5,0,0,0,1,Can you share pricing information? We're a 501-1000 Automotive company.,pricing,$50K-$100K,56.0,1,55.0
LEAD-1235,2026-01-15,Michael,Hill,michael.hill@kingwyattandhenderson.com,+1-763-868-8725x88744,Marketing Director,"King, Wyatt and Henderson",1000+,Finance,USA,Webinar,8,0,0,1,0,Need a quote for 3511 users. What features are included in each tier?,pricing,$100K+,8.4,1,15.0
LEAD-1236,2026-01-15,Stacy,Garcia,stacy.garcia@wilsonhallandlogan.com,365.389.0260x12796,VP of Sales,"Wilson, Hall and Logan",1-10,Energy,Canada,Website,0,1,1,0,0,Can you help us set up custom workflows for our sales process?,support,$10K-$50K,66.9,0,
LEAD-1237,2026-01-15,Patrick,Joyce,patrick.joyce@miller-johnson.com,+1-584-290-2770x384,Sales Manager,Miller-Johnson,1-10,Consulting,USA,Advertisement,4,6,2,0,0,What are your pricing plans? We have about 7 users.,pricing,$100K+,,0,
LEAD-1238,2026-01-15,Barry,Allen,barry.allen@blackhallandjackson.com,5212465669,Operations Manager,"Black, Hall and Jackson",1000+,Manufacturing,Netherlands,Referral,6,0,0,1,0,Need a quote for 2644 users. What features are included in each tier?,pricing,$10K-$50K,43.4,1,52.0
LEAD-1239,2026-01-15,Justin,Gallegos,justin.gallegos@calhounplc.com,001-255-643-9376,Sales Manager,Calhoun PLC,51-200,Marketing,Australia,Advertisement,6,5,0,1,0,Can you share pricing information? We're a 51-200 Marketing company.,pricing,< $10K,70.8,1,9.0
LEAD-1240,2026-01-15,Stacey,Pratt,stacey.pratt@rodriguezjonesandphillips.com,289-947-6973x577,CEO,"Rodriguez, Jones and Phillips",501-1000,Finance,France,Conference,7,0,0,0,1,Our agency works with multiple clients who might benefit from your CRM. Let's talk partnerships.,partnership,$50K-$100K,18.4,0,
LEAD-1241,2026-01-15,Erica,Hall,erica.hall@reyesandsons.com,465-988-0434x16518,Product Manager,Reyes and Sons,51-200,Healthcare,Netherlands,Cold Email,2,2,1,1,0,We're having issues with lead scoring. Can someone help?,support,$50K-$100K,31.6,0,
LEAD-1242,2026-01-15,Ian,Reese,ian.reese@shannonllc.com,573.733.4333,Chief Innovation Officer,Shannon LLC,1-10,Energy,Germany,Website,4,1,0,0,0,Can we book a demo? Our team of 8 sales reps needs a better solution for managing leads.,demo_request,Not specified,6.9,0,
LEAD-1243,2026-01-15,Emma,Alvarado,emma.alvarado@wilsoninc.com,+1-408-607-5957x947,VP of Sales,Wilson Inc,51-200,Telecommunications,India,Referral,6,4,1,1,0,Would love to see a demo. We need better reporting and analytics for our sales pipeline.,demo_request,Not specified,,1,74.0
LEAD-1244,2026-01-15,Sheila,Johnson,sheila.johnson@andersonfoxandhenderson.com,(362)771-8750x036,Head of Operations,"Anderson, Fox and Henderson",11-50,Manufacturing,UK,Advertisement,6,3,0,0,0,Looking for pricing details. Do you offer annual discounts?,pricing,Not specified,57.9,0,
LEAD-1245,2026-01-15,Joseph,Mullen,joseph.mullen@lopez-baker.com,452-576-3655x64729,Director of Marketing,Lopez-Baker,11-50,Consulting,USA,Cold Email,5,0,0,1,0,What APIs do you provide? We need to integrate with our existing tech stack.,technical,$100K+,24.2,0,
LEAD-1246,2026-01-15,Oscar,Thomas,oscar.thomas@nelsonyoungandreynolds.com,001-627-202-6728x8574,Business Development Manager,"Nelson, Young and Reynolds",501-1000,Manufacturing,Germany,Conference,4,2,2,1,0,Do you support SSO and custom authentication? What about data encryption?,technical,< $10K,68.1,0,
LEAD-1247,2026-01-15,Mary,Davis,mary.davis@martinlewisandking.com,001-554-455-8845x0615,Operations Manager,"Martin, Lewis and King",201-500,Pharmaceuticals,France,Webinar,5,0,0,1,0,Would love to see a demo. We need better reporting and analytics for our sales pipeline.,demo_request,$100K+,51.4,0,
LEAD-1248,2026-01-15,Tony,Doyle,tony.doyle@kelly-nunez.com,869-347-2256,Head of Operations,Kelly-Nunez,11-50,Logistics,UAE,Webinar,4,6,2,0,0,Looking for pricing details. Do you offer annual discounts?,pricing,Not specified,16.6,0,
LEAD-1249,2026-01-15,Kelly,Adams,kelly.adams@perez-stewart.com,+1-564-675-9876x2202,CTO,Perez-Stewart,201-500,Pharmaceuticals,Canada,Advertisement,5,5,1,1,1,Can you share pricing information? We're a 201-500 Pharmaceuticals company.,pricing,Not specified,57.7,1,24.0
LEAD-1250,2026-01-15,Cody,Zuniga,cody.zuniga@bradyclarkandsanders.com,680.506.8114x9216,VP of Sales,"Brady, Clark and Sanders",51-200,Automotive,UAE,Advertisement,8,4,0,0,0,Our agency works with multiple clients who might benefit from your CRM. Let's talk partnerships.,partnership,$50K-$100K,30.1,0,
LEAD-1251,2026-01-15,Alison,Jackson,alison.jackson@ramos-martinez.com,4554778487,VP of Sales,Ramos-Martinez,51-200,Consulting,France,Cold Email,0,0,0,1,1,Can we book a demo? Our team of 57 sales reps needs a better solution for managing leads.,demo_request,Not specified,34.0,0,
LEAD-1252,2026-01-15,Anne,Mills,anne.mills@welch-fields.com,+1-484-657-8317x4564,IT Manager,Welch-Fields,51-200,Finance,India,Partner,0,0,0,0,0,Interested in seeing your product in action. We're currently using Pipedrive but looking for alternatives.,demo_request,$100K+,62.5,1,38.0
LEAD-1253,2026-01-15,Taylor,Smith,taylor.smith@ochoacharlesandcooper.com,874.806.4930x8536,Marketing Director,"Ochoa, Charles and Cooper",201-500,Real Estate,USA,Advertisement,7,0,0,1,0,What are your pricing plans? We have about 222 users.,pricing,$100K+,3.3,1,73.0
LEAD-1254,2026-01-15,Jose,Henderson,jose.henderson@mclaughlinpriceandgray.com,389.444.8463,Head of Operations,"Mclaughlin, Price and Gray",1000+,Technology,Germany,Partner,6,0,0,1,0,What are your pricing plans? We have about 3050 users.,pricing,Not specified,50.3,1,57.0
LEAD-1255,2026-01-15,Shawn,Graves,shawn.graves@walshplc.com,935.202.0802x1442,CEO,Walsh PLC,201-500,Education,Singapore,Referral,2,3,0,1,2,Interested in seeing your product in action. We're currently using Zoho but looking for alternatives.,demo_request,Not specified,52.5,1,85.0
LEAD-1256,2026-01-15,Matthew,Collins,matthew.collins@smithandsons.com,457.505.1204x6187,Product Manager,Smith and Sons,11-50,Real Estate,UAE,Website,7,2,1,0,0,Can we book a demo? Our team of 14 sales reps needs a better solution for managing leads.,demo_request,$10K-$50K,,0,
LEAD-1257,2026-01-15,David,Tate,david.tate@roth-clayton.com,567.930.3718,Head of Operations,Roth-Clayton,11-50,Technology,Netherlands,Website,5,5,1,0,0,Our current CRM isn't meeting our needs. What migration support do you offer?,support,Not specified,,0,
LEAD-1258,2026-01-15,Jessica,Garner,jessica.garner@mayer-moore.com,+1-581-347-4350,Operations Manager,Mayer-Moore,501-1000,Retail,Netherlands,Cold Email,0,0,0,0,0,Need help understanding your automation features. Do you have documentation?,support,Not specified,50.5,0,
LEAD-1259,2026-01-15,Joshua,Wilson,joshua.wilson@nguyen-jackson.com,500.497.9251,Chief Innovation Officer,Nguyen-Jackson,501-1000,Finance,Singapore,Webinar,4,0,0,0,0,What are your pricing plans? We have about 742 users.,pricing,$50K-$100K,38.0,1,33.0
LEAD-1260,2026-01-15,Colleen,Brown,colleen.brown@montgomerygalvanandshea.com,+1-828-712-7358x5730,Marketing Director,"Montgomery, Galvan and Shea",501-1000,Technology,UK,LinkedIn,6,0,0,1,0,Interested in seeing your product in action. We're currently using Monday.com but looking for alternatives.,demo_request,$100K+,45.7,1,30.0
LEAD-1261,2026-01-15,Samuel,Phillips,samuel.phillips@roach-washington.com,001-473-392-8557x498,Director of Marketing,Roach-Washington,501-1000,Manufacturing,France,Website,0,8,1,1,0,Would love to see a demo. We need better reporting and analytics for our sales pipeline.,demo_request,$10K-$50K,18.7,1,46.0
LEAD-1262,2026-01-15,Michael,Smith,michael.smith@phillips-baker.com,+1-586-920-9593x5186,Sales Manager,Phillips-Baker,51-200,Marketing,UAE,Website,0,0,0,0,0,Would like to discuss becoming a reseller partner in UAE.,partnership,$100K+,,0,
LEAD-1263,2026-01-15,Robert,Morris,robert.morris@austinllc.com,981-502-2031,IT Manager,Austin LLC,501-1000,Logistics,Australia,Advertisement,6,0,0,0,0,Does your CRM integrate with Salesforce and HubSpot?,technical,< $10K,27.3,0,
LEAD-1264,2026-01-15,Claire,Garza,claire.garza@maypriceandburns.com,9532910371,Product Manager,"May, Price and Burns",11-50,E-commerce,Netherlands,Referral,5,3,2,1,1,"Hi, I'd like to schedule a demo of your CRM platform. We're a 11-50 company in E-commerce looking to streamline our sales process.",demo_request,$50K-$100K,22.1,1,54.0
LEAD-1265,2026-01-15,Jeanette,Colon,jeanette.colon@hurleyperryandwood.com,880-514-1381x138,CTO,"Hurley, Perry and Wood",1-10,Telecommunications,Germany,Partner,4,1,1,1,0,Would love to see a demo. We need better reporting and analytics for our sales pipeline.,demo_request,$10K-$50K,33.3,1,73.0
LEAD-1266,2026-01-15,Kara,Perry,kara.perry@wrightgarrettandwhite.com,895-776-1228,CEO,"Wright, Garrett and White",1-10,Technology,France,LinkedIn,4,6,0,0,1,Does your CRM integrate with Salesforce and HubSpot?,technical,$50K-$100K,48.5,0,
LEAD-1267,2026-01-15,Leslie,Frey,leslie.frey@murilloramosandgomez.com,956-965-9398x36845,CTO,"Murillo, Ramos and Gomez",11-50,Finance,France,Website,7,3,2,0,0,Looking for pricing details. Do you offer annual discounts?,pricing,$50K-$100K,4.1,0,
LEAD-1268,2026-01-15,Caitlin,Holmes,caitlin.holmes@barberllc.com,404-333-5048x8899,CTO,Barber LLC,201-500,Logistics,USA,Advertisement,0,3,2,0,0,Need a quote for 302 users. What features are included in each tier?,pricing,$100K+,7.1,0,
LEAD-1269,2026-01-15,Pamela,Wright,pamela.wright@moore-baker.com,341-696-9315x727,IT Manager,Moore-Baker,1000+,Consulting,UK,Conference,6,6,1,0,0,Interested in seeing your product in action. We're currently using Zoho but looking for alternatives.,demo_request,$100K+,,1,21.0
LEAD-1270,2026-01-15,Matthew,Hobbs,matthew.hobbs@jamesdeleonandweeks.com,(461)739-0604x80589,VP of Sales,"James, Deleon and Weeks",51-200,Consulting,Singapore,Conference,3,1,1,0,0,We're having issues with lead scoring. Can someone help?,support,$100K+,17.9,0,
LEAD-1271,2026-01-15,Jessica,Long,jessica.long@hernandezltd.com,399.981.3646x225,Sales Manager,Hernandez Ltd,201-500,Real Estate,UK,Cold Email,4,1,0,1,0,Our current CRM isn't meeting our needs. What migration support do you offer?,support,$50K-$100K,59.3,0,
LEAD-1272,2026-01-15,Christopher,Shaw,christopher.shaw@kelleyllc.com,001-522-378-3769x38983,Marketing Director,Kelley LLC,51-200,Real Estate,UK,LinkedIn,2,4,2,1,0,Does your CRM integrate with Salesforce and HubSpot?,technical,$10K-$50K,21.3,0,
LEAD-1273,2026-01-15,Christopher,Powers,christopher.powers@morris-glass.com,(455)935-5904x25979,Director of Marketing,Morris-Glass,501-1000,Consulting,Germany,Webinar,0,2,2,0,2,Our agency works with multiple clients who might benefit from your CRM. Let's talk partnerships.,partnership,< $10K,39.7,0,
LEAD-1274,2026-01-15,Eric,Chandler,eric.chandler@gonzalezllc.com,310-639-2405,Sales Manager,Gonzalez LLC,1-10,Automotive,UAE,LinkedIn,7,3,1,0,0,Looking for pricing details. Do you offer annual discounts?,pricing,$10K-$50K,,0,
LEAD-1275,2026-01-15,Amanda,Harris,amanda.harris@riveraltd.com,648.579.2069x80420,VP of Sales,Rivera Ltd,51-200,Energy,India,Conference,3,3,1,0,0,Would love to see a demo. We need better reporting and analytics for our sales pipeline.,demo_request,Not specified,45.1,0,
LEAD-1276,2026-01-15,Carl,Guerrero,carl.guerrero@nelsonmarshallandlandry.com,+1-351-404-6368x15798,IT Manager,"Nelson, Marshall and Landry",501-1000,Real Estate,UAE,Advertisement,1,0,0,0,0,Our current CRM isn't meeting our needs. What migration support do you offer?,support,$100K+,8.6,0,
LEAD-1277,2026-01-15,Bernard,Nielsen,bernard.nielsen@castro-marquez.com,257-662-0555x4384,Chief Innovation Officer,Castro-Marquez,1000+,Healthcare,Canada,Conference,6,0,0,1,0,What are your pricing plans? We have about 4188 users.,pricing,$100K+,34.1,1,49.0
LEAD-1278,2026-01-15,Jeremiah,Peterson,jeremiah.peterson@raymondllc.com,(721)968-9363x9264,Head of Operations,Raymond LLC,201-500,Education,France,Referral,0,5,1,1,0,What are your pricing plans? We have about 494 users.,pricing,< $10K,6.4,1,16.0
LEAD-1279,2026-01-15,Amber,Mcbride,amber.mcbride@delgadoplc.com,(348)326-2925,Marketing Director,Delgado PLC,51-200,Retail,Canada,Conference,0,0,0,1,0,Would like to discuss becoming a reseller partner in Canada.,partnership,$10K-$50K,62.1,0,
LEAD-1280,2026-01-15,Nicole,Gutierrez,nicole.gutierrez@acostallc.com,(547)542-3122x09949,VP of Sales,Acosta LLC,1-10,Finance,Netherlands,Partner,1,3,0,0,0,What APIs do you provide? We need to integrate with our existing tech stack.,technical,$10K-$50K,34.6,0,
LEAD-1281,2026-01-15,Kimberly,Anderson,kimberly.anderson@howardltd.com,+1-875-226-7722x330,Director of Marketing,Howard Ltd,1000+,Telecommunications,UAE,Advertisement,8,0,0,0,0,Looking for pricing details. Do you offer annual discounts?,pricing,Not specified,68.9,1,85.0
LEAD-1282,2026-01-15,James,Harris,james.harris@walker-powers.com,(279)875-7366,Sales Manager,Walker-Powers,1000+,Energy,France,Conference,0,0,0,0,0,Our current CRM isn't meeting our needs. What migration support do you offer?,support,< $10K,,0,
LEAD-1283,2026-01-15,Brittney,Fox,brittney.fox@carr-newton.com,001-808-217-7038x860,Sales Manager,Carr-Newton,501-1000,Healthcare,Singapore,Cold Email,9,0,0,0,0,Can we book a demo? Our team of 693 sales reps needs a better solution for managing leads.,demo_request,< $10K,18.6,1,16.0
LEAD-1284,2026-01-15,Maria,Murray,maria.murray@sanders-torres.com,(449)808-2771x81298,Product Manager,Sanders-Torres,1000+,Consulting,France,Webinar,0,3,1,0,0,What are your pricing plans? We have about 3014 users.,pricing,$100K+,,0,
LEAD-1285,2026-01-15,Peggy,Huang,peggy.huang@johnson-chavez.com,814.452.1117x518,Product Manager,Johnson-Chavez,1-10,Finance,UAE,Cold Email,3,0,0,0,0,"Hi, I'd like to schedule a demo of your CRM platform. We're a 1-10 company in Finance looking to streamline our sales process.",demo_request,$100K+,50.6,0,
LEAD-1286,2026-01-15,Matthew,Savage,matthew.savage@williams-jackson.com,(622)420-6447,Business Development Manager,Williams-Jackson,201-500,E-commerce,USA,Partner,4,3,0,1,1,Can we book a demo? Our team of 263 sales reps needs a better solution for managing leads.,demo_request,$50K-$100K,45.7,1,89.0
LEAD-1287,2026-01-15,Cindy,King,cindy.king@horneinc.com,877.980.9733x977,Sales Manager,Horne Inc,1-10,Education,UAE,LinkedIn,3,3,0,0,0,Need a quote for 6 users. What features are included in each tier?,pricing,< $10K,31.8,0,
LEAD-1288,2026-01-15,Courtney,Wilkins,courtney.wilkins@smithkhanandramirez.com,602.720.5020,CEO,"Smith, Khan and Ramirez",11-50,Technology,Germany,Cold Email,2,0,0,0,0,Need a quote for 13 users. What features are included in each tier?,pricing,< $10K,47.3,0,
LEAD-1289,2026-01-15,Evan,Mitchell,evan.mitchell@rodriguezandsons.com,+1-399-882-7950x14556,VP of Sales,Rodriguez and Sons,201-500,Pharmaceuticals,UAE,Cold Email,6,0,0,0,1,What are your pricing plans? We have about 289 users.,pricing,$100K+,60.2,0,
LEAD-1290,2026-01-15,David,Villarreal,david.villarreal@carterandsons.com,686-883-3901x98179,Marketing Director,Carter and Sons,1-10,Healthcare,Singapore,Cold Email,0,0,0,0,2,Do you support SSO and custom authentication? What about data encryption?,technical,Not specified,,0,
LEAD-1291,2026-01-15,Cindy,Ho,cindy.ho@green-andrews.com,+1-397-287-7293x430,Product Manager,Green-Andrews,1-10,Retail,Canada,Referral,5,5,0,0,0,"Hi, I'd like to schedule a demo of your CRM platform. We're a 1-10 company in Retail looking to streamline our sales process.",demo_request,< $10K,43.0,1,60.0
LEAD-1292,2026-01-15,Lauren,Duarte,lauren.duarte@mclaughlinandsons.com,(705)258-3034x41448,Chief Innovation Officer,Mclaughlin and Sons,1000+,Telecommunications,Singapore,Referral,0,1,0,0,0,Interested in exploring partnership opportunities. We serve Telecommunications clients.,partnership,$10K-$50K,,0,
LEAD-1293,2026-01-15,Christina,Johnson,christina.johnson@peterson-ramsey.com,(435)957-7027,Business Development Manager,Peterson-Ramsey,1-10,E-commerce,Australia,Cold Email,5,6,1,0,0,Can we book a demo? Our team of 10 sales reps needs a better solution for managing leads.,demo_request,$50K-$100K,31.6,0,
LEAD-1294,2026-01-15,Sarah,Brown,sarah.brown@huangfordandolsen.com,249.758.8039x55124,CEO,"Huang, Ford and Olsen",501-1000,Telecommunications,Singapore,LinkedIn,3,6,1,0,1,What are your pricing plans? We have about 667 users.,pricing,$10K-$50K,23.8,0,
LEAD-1295,2026-01-15,Jacob,Wilson,jacob.wilson@fergusonmartinandobrien.com,001-645-404-6173x57438,Director of Marketing,"Ferguson, Martin and Obrien",11-50,Automotive,India,Advertisement,8,0,0,0,0,Can you share pricing information? We're a 11-50 Automotive company.,pricing,$50K-$100K,9.6,0,
LEAD-1296,2026-01-15,Scott,Johnson,scott.johnson@stricklandinc.com,582.235.7845x2182,VP of Sales,Strickland Inc,501-1000,Technology,France,LinkedIn,5,8,0,0,0,Our current CRM isn't meeting our needs. What migration support do you offer?,support,$10K-$50K,60.3,0,
LEAD-1297,2026-01-15,Bradley,Charles,bradley.charles@hancockwilsonandcollins.com,657-501-8409,Chief Innovation Officer,"Hancock, Wilson and Collins",1-10,Automotive,India,Cold Email,0,4,2,0,1,Interested in exploring partnership opportunities. We serve Automotive clients.,partnership,$100K+,34.8,0,
LEAD-1298,2026-01-15,Luis,Alexander,luis.alexander@mitchellplc.com,342-524-1098,IT Manager,Mitchell PLC,1000+,Energy,UK,Partner,0,0,0,0,0,Would like to discuss becoming a reseller partner in UK.,partnership,$100K+,53.9,0,
LEAD-1299,2026-01-15,Justin,Sanchez,justin.sanchez@floresthomasandbush.com,949-258-7020,Chief Innovation Officer,"Flores, Thomas and Bush",201-500,Consulting,Canada,Advertisement,0,3,0,0,0,"Hi, I'd like to schedule a demo of your CRM platform. We're a 201-500 company in Consulting looking to streamline our sales process.",demo_request,Not specified,15.3,1,17.0
LEAD-1300,2026-01-15,Harold,Carlson,harold.carlson@millergroup.com,001-979-454-5381,Chief Innovation Officer,Miller Group,501-1000,Logistics,Australia,Website,4,4,3,0,0,Need a quote for 832 users. What features are included in each tier?,pricing,$10K-$50K,,0,
LEAD-1301,2026-01-15,Jennifer,Marshall,jennifer.marshall@mcdonaldbryantandcohen.com,732.994.5625,Operations Manager,"Mcdonald, Bryant and Cohen",11-50,Marketing,UK,Partner,7,1,1,1,0,Our current CRM isn't meeting our needs. What migration support do you offer?,support,< $10K,32.8,0,
LEAD-1302,2026-01-15,Timothy,Singleton,timothy.singleton@alvarezllc.com,959-892-8161x5814,IT Manager,Alvarez LLC,501-1000,Energy,UK,Conference,3,0,0,0,1,Interested in exploring partnership opportunities. We serve Energy clients.,partnership,< $10K,,0,
LEAD-1303,2026-01-15,Erik,Olson,erik.olson@oliverplc.com,553-496-6958,IT Manager,Oliver PLC,1-10,Automotive,Canada,Referral,4,1,1,0,0,Would like to discuss becoming a reseller partner in Canada.,partnership,$10K-$50K,,0,
LEAD-1304,2026-01-15,Audrey,Tucker,audrey.tucker@stevensonltd.com,001-897-358-1724,Operations Manager,Stevenson Ltd,11-50,Energy,UAE,Webinar,6,0,0,0,0,Need a quote for 30 users. What features are included in each tier?,pricing,$50K-$100K,27.1,0,
LEAD-1305,2026-01-15,Troy,Keller,troy.keller@cervanteswiseandgray.com,632-890-2278,Head of Operations,"Cervantes, Wise and Gray",1-10,Finance,Australia,Partner,7,5,1,0,0,Can we book a demo? Our team of 5 sales reps needs a better solution for managing leads.,demo_request,$100K+,13.7,1,11.0
LEAD-1306,2026-01-15,Leslie,Hudson,leslie.hudson@gonzalez-maldonado.com,+1-246-251-9098x62405,VP of Sales,Gonzalez-Maldonado,1000+,Education,Australia,Webinar,7,2,1,0,0,Would love to see a demo. We need better reporting and analytics for our sales pipeline.,demo_request,$50K-$100K,21.6,1,44.0
LEAD-1307,2026-01-15,Anthony,Reynolds,anthony.reynolds@rodriguez-campbell.com,001-465-966-6683,Marketing Director,Rodriguez-Campbell,501-1000,Pharmaceuticals,Canada,Partner,2,0,0,0,0,Does your CRM integrate with Salesforce and HubSpot?,technical,< $10K,14.5,0,
LEAD-1308,2026-01-15,Eric,Bright,eric.bright@cruzmiddletonandlarsen.com,+1-822-401-0276x21267,Director of Marketing,"Cruz, Middleton and Larsen",11-50,Telecommunications,France,Website,0,1,0,0,1,Exploring white-label solutions. Do you offer partnership programs?,partnership,$10K-$50K,31.1,0,
LEAD-1309,2026-01-15,Michael,Lopez,michael.lopez@arnold-cole.com,+1-209-973-8468x950,Sales Manager,Arnold-Cole,51-200,Technology,France,Webinar,1,3,0,0,0,Can you help us set up custom workflows for our sales process?,support,Not specified,10.8,0,
LEAD-1310,2026-01-15,Christopher,Cross,christopher.cross@carpenterltd.com,247.781.8913x71894,Sales Manager,Carpenter Ltd,201-500,Energy,UAE,LinkedIn,9,5,0,0,0,Can your platform handle 50K contacts? What are the technical limitations?,technical,$10K-$50K,21.2,0,
LEAD-1311,2026-01-15,Rebecca,Berry,rebecca.berry@harrisonplc.com,465-244-2094x94079,Marketing Director,Harrison PLC,1-10,Energy,France,Conference,8,1,0,0,1,Interested in seeing your product in action. We're currently using HubSpot but looking for alternatives.,demo_request,< $10K,35.8,0,
LEAD-1312,2026-01-15,Justin,Miller,justin.miller@lamb-weber.com,414.942.9444x01929,Marketing Director,Lamb-Weber,501-1000,Automotive,Australia,Partner,4,1,1,0,0,Does your CRM integrate with Salesforce and HubSpot?,technical,< $10K,,0,
LEAD-1313,2026-01-15,Joel,White,joel.white@greenltd.com,705.212.9276x63723,VP of Sales,Green Ltd,1000+,Finance,Australia,Website,0,4,0,1,0,"Hi, I'd like to schedule a demo of your CRM platform. We're a 1000+ company in Finance looking to streamline our sales process.",demo_request,$50K-$100K,49.7,1,75.0
LEAD-1314,2026-01-15,Raymond,Turner,raymond.turner@williamsgroup.com,001-883-766-7428x6047,CEO,Williams Group,501-1000,Education,Canada,Referral,6,0,0,0,0,Interested in exploring partnership opportunities. We serve Education clients.,partnership,Not specified,51.4,1,21.0
LEAD-1315,2026-01-15,Michael,Richard,michael.richard@blancharddavisandschmidt.com,+1-545-744-1496x739,CTO,"Blanchard, Davis and Schmidt",201-500,Consulting,UK,Referral,6,1,1,0,0,Need help understanding your automation features. Do you have documentation?,support,$50K-$100K,,0,
LEAD-1316,2026-01-15,Emily,Decker,emily.decker@edwardsinc.com,6615817534,CTO,Edwards Inc,1-10,Real Estate,UK,Website,2,1,0,0,0,We're having issues with lead scoring. Can someone help?,support,< $10K,15.2,0,
LEAD-1317,2026-01-15,Mary,Sampson,mary.sampson@davismaysanddouglas.com,+1-911-319-2692x1244,CEO,"Davis, Mays and Douglas",11-50,Finance,Australia,LinkedIn,0,3,1,0,0,Can you share pricing information? We're a 11-50 Finance company.,pricing,$10K-$50K,38.9,0,
LEAD-1318,2026-01-15,Elizabeth,Carrillo,elizabeth.carrillo@hammond-schwartz.com,921-340-6650x442,Business Development Manager,Hammond-Schwartz,1-10,Logistics,Germany,Partner,9,0,0,0,2,Interested in seeing your product in action. We're currently using Salesforce but looking for alternatives.,demo_request,< $10K,37.7,1,53.0
LEAD-1319,2026-01-15,Debbie,Rodriguez,debbie.rodriguez@bishopandsons.com,+1-363-391-7410,Chief Innovation Officer,Bishop and Sons,1000+,Retail,UAE,Website,0,1,0,0,0,Do you support SSO and custom authentication? What about data encryption?,technical,$100K+,26.8,0,
LEAD-1320,2026-01-15,Tyler,Delgado,tyler.delgado@waters-smith.com,9069425690,Product Manager,Waters-Smith,1000+,Consulting,UK,Partner,4,4,3,0,0,Does your CRM integrate with Salesforce and HubSpot?,technical,< $10K,30.9,1,42.0
LEAD-1321,2026-01-15,Aaron,Finley,aaron.finley@normanfloydandfernandez.com,001-371-998-5546x01585,Marketing Director,"Norman, Floyd and Fernandez",1000+,Telecommunications,Netherlands,Conference,3,3,0,1,0,Do you support SSO and custom authentication? What about data encryption?,technical,$50K-$100K,17.0,1,24.0
LEAD-1322,2026-01-15,Benjamin,Cruz,benjamin.cruz@holland-thompson.com,446.215.7173,CTO,Holland-Thompson,1-10,Healthcare,USA,Partner,8,1,1,0,0,"Hi, I'd like to schedule a demo of your CRM platform. We're a 1-10 company in Healthcare looking to streamline our sales process.",demo_request,Not specified,25.1,1,76.0
LEAD-1323,2026-01-15,Laura,Schneider,laura.schneider@daviesallenandprice.com,987.400.5050x6138,Product Manager,"Davies, Allen and Price",501-1000,Technology,USA,LinkedIn,7,0,0,0,0,Interested in seeing your product in action. We're currently using Pipedrive but looking for alternatives.,demo_request,< $10K,35.6,1,76.0
LEAD-1324,2026-01-15,Jill,Burns,jill.burns@buckleyinc.com,6793032020,Business Development Manager,Buckley Inc,501-1000,Consulting,Singapore,Referral,4,0,0,0,0,Can your platform handle 100K contacts? What are the technical limitations?,technical,$50K-$100K,42.3,1,87.0
LEAD-1325,2026-01-15,Lisa,Rodriguez,lisa.rodriguez@conleyinc.com,499.731.3656x5198,Product Manager,Conley Inc,51-200,Real Estate,UK,Webinar,5,2,0,0,0,Interested in seeing your product in action. We're currently using Salesforce but looking for alternatives.,demo_request,$50K-$100K,,0,
LEAD-1326,2026-01-15,Glenn,Brown,glenn.brown@duranplc.com,326-825-8273x902,Product Manager,Duran PLC,201-500,E-commerce,UAE,Conference,0,4,0,0,0,Looking for pricing details. Do you offer annual discounts?,pricing,$10K-$50K,26.5,0,
LEAD-1327,2026-01-15,Adam,White,adam.white@hobbsinc.com,994-867-2324,Business Development Manager,Hobbs Inc,11-50,Consulting,UK,Cold Email,0,0,0,1,0,"Hi, I'd like to schedule a demo of your CRM platform. We're a 11-50 company in Consulting looking to streamline our sales process.",demo_request,$100K+,57.4,0,
LEAD-1328,2026-01-15,Caitlyn,Love,caitlyn.love@bishopinc.com,+1-714-556-0833x181,Product Manager,Bishop Inc,51-200,Marketing,France,Webinar,0,2,2,0,0,Our current CRM isn't meeting our needs. What migration support do you offer?,support,Not specified,61.5,0,
LEAD-1329,2026-01-15,Laura,Jennings,laura.jennings@hopkinshillandlee.com,972.220.0543x6459,Chief Innovation Officer,"Hopkins, Hill and Lee",201-500,Logistics,Netherlands,Website,9,0,0,0,0,Can your platform handle 100K contacts? What are the technical limitations?,technical,$50K-$100K,18.8,0,
LEAD-1330,2026-01-15,Eric,Johnson,eric.johnson@buckleyandsons.com,511.337.9956x35315,CTO,Buckley and Sons,11-50,Real Estate,Germany,Referral,0,0,0,1,0,Need a quote for 13 users. What features are included in each tier?,pricing,$50K-$100K,13.1,1,12.0
LEAD-1331,2026-01-15,Jeffrey,Ruiz,jeffrey.ruiz@kane-bennett.com,706.623.9726x5273,CEO,Kane-Bennett,1000+,Consulting,USA,LinkedIn,4,0,0,0,3,We're having issues with lead scoring. Can someone help?,support,Not specified,42.0,0,
LEAD-1332,2026-01-15,Brian,Taylor,brian.taylor@johnsonplc.com,576.325.3492x929,CTO,Johnson PLC,501-1000,Retail,Singapore,Cold Email,6,3,1,0,0,What APIs do you provide? We need to integrate with our existing tech stack.,technical,$100K+,42.6,0,
LEAD-1333,2026-01-15,Mary,Ramirez,mary.ramirez@burnsforbesandvargas.com,001-263-235-6939x2906,Sales Manager,"Burns, Forbes and Vargas",501-1000,Education,UK,Advertisement,5,0,0,0,2,Would love to see a demo. We need better reporting and analytics for our sales pipeline.,demo_request,$50K-$100K,22.6,1,53.0
LEAD-1334,2026-01-15,Timothy,Yates,timothy.yates@mackjohnsonandschmidt.com,477-731-8063,Director of Marketing,"Mack, Johnson and Schmidt",1000+,Healthcare,UAE,Partner,2,2,1,0,1,"Hi, I'd like to schedule a demo of your CRM platform. We're a 1000+ company in Healthcare looking to streamline our sales process.",demo_request,< $10K,6.2,1,69.0
LEAD-1335,2026-01-15,Evan,Stevens,evan.stevens@duartesmithandcaldwell.com,001-990-277-2625,Sales Manager,"Duarte, Smith and Caldwell",201-500,Automotive,India,Advertisement,9,3,0,1,1,Looking for pricing details. Do you offer annual discounts?,pricing,$10K-$50K,57.1,0,
LEAD-1336,2026-01-15,Mason,Johnson,mason.johnson@cruzltd.com,(849)789-3195x08501,Operations Manager,Cruz Ltd,1-10,Real Estate,Germany,Conference,2,0,0,0,0,Would like to discuss becoming a reseller partner in Germany.,partnership,$10K-$50K,59.6,0,
LEAD-1337,2026-01-15,Deborah,Bush,deborah.bush@diazandsons.com,+1-532-553-8179,Product Manager,Diaz and Sons,51-200,Manufacturing,UK,Webinar,0,0,0,1,0,"Hi, I'd like to schedule a demo of your CRM platform. We're a 51-200 company in Manufacturing looking to streamline our sales process.",demo_request,$100K+,43.4,0,
LEAD-1338,2026-01-15,Brian,Watson,brian.watson@gordon-henderson.com,378.581.7884x795,Marketing Director,Gordon-Henderson,1-10,Education,Canada,LinkedIn,0,5,2,1,0,Can you help us set up custom workflows for our sales process?,support,$100K+,31.3,0,
LEAD-1339,2026-01-15,Harold,Mullen,harold.mullen@miller-myers.com,212-641-2723,Chief Innovation Officer,Miller-Myers,501-1000,Manufacturing,France,Cold Email,9,3,0,0,0,Would love to see a demo. We need better reporting and analytics for our sales pipeline.,demo_request,$50K-$100K,28.9,1,56.0
LEAD-1340,2026-01-15,Scott,Newman,scott.newman@weaverandersonandreed.com,931-903-8569x5579,Head of Operations,"Weaver, Anderson and Reed",1000+,Real Estate,Netherlands,LinkedIn,0,0,0,0,0,Interested in exploring partnership opportunities. We serve Real Estate clients.,partnership,Not specified,,0,
LEAD-1341,2026-01-15,George,Green,george.green@villanuevallc.com,454.402.5472x9284,IT Manager,Villanueva LLC,51-200,Finance,UAE,Webinar,9,0,0,0,0,"Hi, I'd like to schedule a demo of your CRM platform. We're a 51-200 company in Finance looking to streamline our sales process.",demo_request,$100K+,63.2,0,
LEAD-1342,2026-01-15,Daryl,Chaney,daryl.chaney@conwaybauerandmartin.com,001-727-745-2380,Product Manager,"Conway, Bauer and Martin",51-200,Marketing,Australia,Referral,4,2,1,1,0,Can you help us set up custom workflows for our sales process?,support,$50K-$100K,,0,
LEAD-1343,2026-01-15,Kevin,Knapp,kevin.knapp@fernandez-martin.com,(472)975-2088x5474,CEO,Fernandez-Martin,201-500,Healthcare,Singapore,Partner,3,2,2,0,0,Our current CRM isn't meeting our needs. What migration support do you offer?,support,Not specified,40.8,0,
LEAD-1344,2026-01-15,Donald,Pierce,donald.pierce@dennisinc.com,506-693-7515x0939,CEO,Dennis Inc,501-1000,Manufacturing,Netherlands,Referral,8,0,0,1,0,We're having issues with lead scoring. Can someone help?,support,$10K-$50K,,1,68.0
LEAD-1345,2026-01-15,Erica,Rosario,erica.rosario@ryangroup.com,863.775.9980x56265,Marketing Director,Ryan Group,201-500,Pharmaceuticals,France,Website,7,0,0,0,0,Would like to discuss becoming a reseller partner in France.,partnership,Not specified,29.0,0,
LEAD-1346,2026-01-15,Nancy,Miller,nancy.miller@bell-madden.com,001-576-674-2662x9912,CTO,Bell-Madden,11-50,Telecommunications,India,Website,6,0,0,1,0,Our current CRM isn't meeting our needs. What migration support do you offer?,support,$10K-$50K,7.4,0,
LEAD-1347,2026-01-15,Katelyn,Davis,katelyn.davis@hatfieldjonesandchoi.com,(246)628-7923x26487,IT Manager,"Hatfield, Jones and Choi",501-1000,Manufacturing,Singapore,Advertisement,5,6,2,0,2,Our current CRM isn't meeting our needs. What migration support do you offer?,support,$10K-$50K,38.2,0,
LEAD-1348,2026-01-15,Jeffrey,Moody,jeffrey.moody@snyder-singh.com,(544)271-4627,IT Manager,Snyder-Singh,501-1000,Healthcare,France,Advertisement,0,3,3,0,1,Can your platform handle 10K contacts? What are the technical limitations?,technical,< $10K,37.0,0,
LEAD-1349,2026-01-15,Carol,Cox,carol.cox@snyder-arellano.com,296.447.1589x0429,Head of Operations,Snyder-Arellano,1-10,Consulting,Netherlands,Webinar,0,0,0,0,0,What APIs do you provide? We need to integrate with our existing tech stack.,technical,Not specified,54.7,0,
LEAD-1350,2026-01-15,Robert,Barr,robert.barr@taylormartinandnelson.com,(704)748-1832x192,Sales Manager,"Taylor, Martin and Nelson",501-1000,Telecommunications,France,Referral,0,0,0,1,0,Do you support SSO and custom authentication? What about data encryption?,technical,$100K+,69.6,1,69.0
LEAD-1351,2026-01-15,Michael,Ferguson,michael.ferguson@marshnelsonandwolfe.com,(520)428-4576x521,Sales Manager,"Marsh, Nelson and Wolfe",51-200,E-commerce,Netherlands,Advertisement,5,0,0,0,0,Our current CRM isn't meeting our needs. What migration support do you offer?,support,$10K-$50K,,0,
LEAD-1352,2026-01-15,Christina,Guerra,christina.guerra@popeplc.com,488.916.7112x07545,Product Manager,Pope PLC,201-500,Finance,Singapore,Website,0,1,1,1,0,What are your pricing plans? We have about 304 users.,pricing,$50K-$100K,,1,62.0
LEAD-1353,2026-01-15,Kevin,Garner,kevin.garner@millscordovaandjackson.com,332-823-4232,Chief Innovation Officer,"Mills, Cordova and Jackson",201-500,Energy,Singapore,Conference,0,0,0,0,0,Exploring white-label solutions. Do you offer partnership programs?,partnership,< $10K,46.9,0,
LEAD-1354,2026-01-15,Katherine,Williams,katherine.williams@jonesgroup.com,308-690-7140,Marketing Director,Jones Group,201-500,Healthcare,Singapore,Webinar,6,4,0,0,1,Need a quote for 374 users. What features are included in each tier?,pricing,$50K-$100K,28.4,1,90.0
LEAD-1355,2026-01-15,Jamie,Santana,jamie.santana@pattonplc.com,(450)512-4955,VP of Sales,Patton PLC,1000+,Education,Singapore,Cold Email,0,4,0,0,0,Would love to see a demo. We need better reporting and analytics for our sales pipeline.,demo_request,< $10K,19.1,1,27.0
LEAD-1356,2026-01-15,Kathryn,Rice,kathryn.rice@garciaplc.com,001-434-928-0138x759,CEO,Garcia PLC,11-50,Energy,UAE,LinkedIn,4,0,0,0,0,Looking for pricing details. Do you offer annual discounts?,pricing,< $10K,66.8,0,
LEAD-1357,2026-01-15,Tina,Coleman,tina.coleman@whitellc.com,236.315.1718x27548,CTO,White LLC,201-500,Energy,UK,LinkedIn,3,0,0,0,0,Need help understanding your automation features. Do you have documentation?,support,$50K-$100K,10.4,0,
LEAD-1358,2026-01-15,Caroline,Collins,caroline.collins@cruzgroup.com,938.364.6317x520,CEO,Cruz Group,11-50,Consulting,India,Cold Email,5,4,0,0,0,Would love to see a demo. We need better reporting and analytics for our sales pipeline.,demo_request,$100K+,29.8,0,
LEAD-1359,2026-01-15,Richard,Garza,richard.garza@barrettmillerandthomas.com,321-553-5396,CEO,"Barrett, Miller and Thomas",501-1000,Telecommunications,Australia,Partner,0,0,0,1,0,Interested in seeing your product in action. We're currently using Salesforce but looking for alternatives.,demo_request,Not specified,,1,73.0
LEAD-1360,2026-01-15,Brittney,Avila,brittney.avila@porterhubbardandmiranda.com,+1-665-979-6784x2711,Operations Manager,"Porter, Hubbard and Miranda",51-200,Real Estate,India,Conference,7,0,0,0,0,Would like to discuss becoming a reseller partner in India.,partnership,$50K-$100K,56.4,0,
LEAD-1361,2026-01-15,Maria,Jimenez,maria.jimenez@dunlapjohnsonandrojas.com,3263952499,CTO,"Dunlap, Johnson and Rojas",11-50,Logistics,France,Website,4,0,0,1,0,Looking for pricing details. Do you offer annual discounts?,pricing,< $10K,,0,
LEAD-1362,2026-01-15,Ebony,Henry,ebony.henry@saunderssparksandharris.com,885-988-0061x675,Director of Marketing,"Saunders, Sparks and Harris",501-1000,E-commerce,France,Conference,6,2,1,0,0,Looking for pricing details. Do you offer annual discounts?,pricing,$50K-$100K,58.1,1,79.0
LEAD-1363,2026-01-15,Michelle,Turner,michelle.turner@thompsonltd.com,001-927-962-4671x978,Marketing Director,Thompson Ltd,1000+,Logistics,UAE,Cold Email,5,0,0,1,1,Do you support SSO and custom authentication? What about data encryption?,technical,< $10K,,0,
LEAD-1364,2026-01-15,Jose,Garza,jose.garza@huntergroup.com,(295)745-0090x2559,CEO,Hunter Group,201-500,Healthcare,UK,Advertisement,4,0,0,0,0,Need a quote for 417 users. What features are included in each tier?,pricing,$10K-$50K,,0,
LEAD-1365,2026-01-15,Michael,Stanley,michael.stanley@reed-howard.com,434.291.1415,VP of Sales,Reed-Howard,201-500,Automotive,Singapore,LinkedIn,6,4,3,0,0,What are your pricing plans? We have about 390 users.,pricing,$10K-$50K,,0,
LEAD-1366,2026-01-15,Ashley,Valenzuela,ashley.valenzuela@murraygroup.com,907-390-5696x591,IT Manager,Murray Group,51-200,Retail,France,Website,4,0,0,0,0,Need help understanding your automation features. Do you have documentation?,support,< $10K,41.5,0,
LEAD-1367,2026-01-15,Lisa,Contreras,lisa.contreras@rogersplc.com,(594)656-3718,Product Manager,Rogers PLC,201-500,Logistics,Australia,Partner,6,3,1,0,0,Do you support SSO and custom authentication? What about data encryption?,technical,$100K+,28.8,0,
LEAD-1368,2026-01-15,Jeremiah,Newton,jeremiah.newton@davies-morales.com,991-895-4198,Chief Innovation Officer,Davies-Morales,1-10,Pharmaceuticals,Singapore,Conference,6,4,0,1,0,Need help understanding your automation features. Do you have documentation?,support,< $10K,37.8,0,
LEAD-1369,2026-01-15,William,Evans,william.evans@pearsonllc.com,+1-485-936-6498x78208,CTO,Pearson LLC,201-500,Marketing,USA,Referral,3,0,0,0,0,Can you help us set up custom workflows for our sales process?,support,$50K-$100K,30.2,0,
LEAD-1370,2026-01-15,Lisa,Farrell,lisa.farrell@hurleyadamsandlittle.com,(390)583-5723x24665,Head of Operations,"Hurley, Adams and Little",501-1000,Education,India,LinkedIn,0,0,0,0,0,"Hi, I'd like to schedule a demo of your CRM platform. We're a 501-1000 company in Education looking to streamline our sales process.",demo_request,< $10K,21.8,0,
LEAD-1371,2026-01-15,Jonathan,Burke,jonathan.burke@colon-lucas.com,(231)523-0347x7866,Sales Manager,Colon-Lucas,51-200,Finance,India,Conference,3,4,4,0,0,Our current CRM isn't meeting our needs. What migration support do you offer?,support,$50K-$100K,29.6,0,
LEAD-1372,2026-01-15,Donna,Thompson,donna.thompson@johnsonllc.com,8707015941,CEO,Johnson LLC,1-10,Real Estate,Germany,Conference,5,4,1,0,1,What APIs do you provide? We need to integrate with our existing tech stack.,technical,$10K-$50K,70.9,0,
LEAD-1373,2026-01-15,Megan,Young,megan.young@sandersltd.com,001-581-389-8471,Business Development Manager,Sanders Ltd,11-50,Marketing,India,Partner,0,4,1,1,1,What APIs do you provide? We need to integrate with our existing tech stack.,technical,$10K-$50K,37.0,0,
LEAD-1374,2026-01-15,Peter,Goodman,peter.goodman@murphy-silva.com,863.621.2347,Marketing Director,Murphy-Silva,11-50,Automotive,UAE,LinkedIn,3,0,0,0,0,Looking for pricing details. Do you offer annual discounts?,pricing,$100K+,47.9,0,
LEAD-1375,2026-01-15,Holly,Rodriguez,holly.rodriguez@henryllc.com,+1-667-234-2575,Marketing Director,Henry LLC,51-200,Manufacturing,Singapore,Webinar,0,2,2,0,0,What are your pricing plans? We have about 193 users.,pricing,< $10K,64.3,0,
LEAD-1376,2026-01-15,Brian,Lowery,brian.lowery@johnsonstevensonandlindsey.com,+1-634-686-4518x37606,Sales Manager,"Johnson, Stevenson and Lindsey",1000+,Consulting,UK,Advertisement,5,0,0,0,0,Does your CRM integrate with Salesforce and HubSpot?,technical,$50K-$100K,51.2,0,
LEAD-1377,2026-01-15,Ruth,Welch,ruth.welch@evansandsons.com,001-360-741-7765x61248,Operations Manager,Evans and Sons,1-10,Energy,Netherlands,Conference,5,0,0,1,0,Would love to see a demo. We need better reporting and analytics for our sales pipeline.,demo_request,Not specified,40.0,1,79.0
LEAD-1378,2026-01-15,Anthony,Williams,anthony.williams@lirojasandchavez.com,+1-527-420-6345x9112,Marketing Director,"Li, Rojas and Chavez",1000+,Pharmaceuticals,Netherlands,Referral,0,0,0,0,0,Can you share pricing information? We're a 1000+ Pharmaceuticals company.,pricing,< $10K,46.3,1,90.0
LEAD-1379,2026-01-15,Morgan,Anderson,morgan.anderson@jenkinsayersandhayes.com,(895)843-1652,Product Manager,"Jenkins, Ayers and Hayes",1-10,Energy,Australia,Advertisement,0,2,1,0,0,Our current CRM isn't meeting our needs. What migration support do you offer?,support,$10K-$50K,63.4,0,
LEAD-1380,2026-01-15,Deborah,Sims,deborah.sims@walkervaughanandleblanc.com,673-442-0696,Chief Innovation Officer,"Walker, Vaughan and Leblanc",1-10,Automotive,Germany,Advertisement,8,3,1,0,0,"Hi, I'd like to schedule a demo of your CRM platform. We're a 1-10 company in Automotive looking to streamline our sales process.",demo_request,$10K-$50K,,0,
LEAD-1381,2026-01-15,Alexis,Fox,alexis.fox@jackson-bradley.com,001-577-613-3344x76263,Sales Manager,Jackson-Bradley,51-200,Energy,USA,Cold Email,8,3,0,0,0,Does your CRM integrate with Salesforce and HubSpot?,technical,< $10K,32.1,0,
LEAD-1382,2026-01-15,Laura,Johnson,laura.johnson@barnesgroup.com,739-873-5971x072,CTO,Barnes Group,501-1000,Pharmaceuticals,India,LinkedIn,0,3,0,0,0,Would love to see a demo. We need better reporting and analytics for our sales pipeline.,demo_request,Not specified,,1,10.0
LEAD-1383,2026-01-15,Charles,Hawkins,charles.hawkins@reyeshendersonandharper.com,6538759900,Marketing Director,"Reyes, Henderson and Harper",201-500,Marketing,Australia,Cold Email,0,0,0,1,0,Our current CRM isn't meeting our needs. What migration support do you offer?,support,$10K-$50K,,0,
LEAD-1384,2026-01-15,Patricia,Williams,patricia.williams@lambert-anderson.com,(742)887-5721,Marketing Director,Lambert-Anderson,1-10,Finance,France,Advertisement,1,3,0,0,0,Can you share pricing information? We're a 1-10 Finance company.,pricing,Not specified,10.8,0,
LEAD-1385,2026-01-15,Victor,Mcpherson,victor.mcpherson@edwardsandsons.com,956-444-9485x625,CEO,Edwards and Sons,501-1000,Energy,UAE,Advertisement,3,2,2,0,0,Can we book a demo? Our team of 790 sales reps needs a better solution for managing leads.,demo_request,$50K-$100K,12.1,1,12.0
LEAD-1386,2026-01-15,Brian,White,brian.white@fieldsgonzalesandlopez.com,942.376.1707x5877,Operations Manager,"Fields, Gonzales and Lopez",201-500,Manufacturing,USA,Cold Email,6,4,1,0,0,Need help understanding your automation features. Do you have documentation?,support,< $10K,40.2,0,
LEAD-1387,2026-01-15,James,Mitchell,james.mitchell@martinezinc.com,(484)899-3908,Operations Manager,Martinez Inc,51-200,Consulting,Germany,Webinar,0,0,0,0,0,Our current CRM isn't meeting our needs. What migration support do you offer?,support,< $10K,,0,
LEAD-1388,2026-01-15,Clinton,Murphy,clinton.murphy@tateltd.com,616-259-1520x1777,Sales Manager,Tate Ltd,11-50,Real Estate,UK,Cold Email,4,0,0,1,1,Exploring white-label solutions. Do you offer partnership programs?,partnership,$100K+,23.2,0,
LEAD-1389,2026-01-15,Mark,Dennis,mark.dennis@douglasgroup.com,001-892-630-4501x8961,Marketing Director,Douglas Group,1000+,Manufacturing,USA,Cold Email,2,0,0,0,0,Can your platform handle 500K contacts? What are the technical limitations?,technical,Not specified,,0,
LEAD-1390,2026-01-15,Frank,Chan,frank.chan@davis-phelps.com,521-947-6492x5158,Sales Manager,Davis-Phelps,201-500,Telecommunications,UAE,Partner,5,0,0,1,0,Need a quote for 406 users. What features are included in each tier?,pricing,$10K-$50K,15.0,1,37.0
LEAD-1391,2026-01-15,Rodney,Avila,rodney.avila@alvarez-hart.com,(992)366-1085x732,Product Manager,Alvarez-Hart,201-500,Manufacturing,France,Advertisement,1,6,1,0,0,"Hi, I'd like to schedule a demo of your CRM platform. We're a 201-500 company in Manufacturing looking to streamline our sales process.",demo_request,Not specified,31.0,1,62.0
LEAD-1392,2026-01-15,Kevin,Joyce,kevin.joyce@miller-solis.com,+1-843-886-4908x10818,Sales Manager,Miller-Solis,201-500,Education,Singapore,Conference,4,0,0,0,0,What are your pricing plans? We have about 480 users.,pricing,< $10K,,0,
LEAD-1393,2026-01-15,Brenda,Mack,brenda.mack@cortezhessandkelly.com,6177226016,Sales Manager,"Cortez, Hess and Kelly",1-10,Marketing,Germany,Cold Email,5,0,0,1,0,Our current CRM isn't meeting our needs. What migration support do you offer?,support,$100K+,59.3,0,
LEAD-1394,2026-01-15,Lindsey,Peterson,lindsey.peterson@todd-cole.com,(232)219-4168,Operations Manager,Todd-Cole,1000+,Technology,Singapore,Referral,3,0,0,1,0,Would love to see a demo. We need better reporting and analytics for our sales pipeline.,demo_request,$10K-$50K,61.5,1,54.0
LEAD-1395,2026-01-15,Steve,Sullivan,steve.sullivan@jacksongroup.com,+1-397-249-9564x12203,Head of Operations,Jackson Group,11-50,E-commerce,Canada,Website,6,2,1,0,0,Need a quote for 31 users. What features are included in each tier?,pricing,$50K-$100K,57.6,0,
LEAD-1396,2026-01-15,Timothy,Thomas,timothy.thomas@trevinoandsons.com,868.231.4727,Product Manager,Trevino and Sons,501-1000,E-commerce,India,Cold Email,3,0,0,0,0,Would love to see a demo. We need better reporting and analytics for our sales pipeline.,demo_request,Not specified,13.8,0,
LEAD-1397,2026-01-15,Tamara,Ruiz,tamara.ruiz@rodgersgroup.com,893.934.9605x016,Director of Marketing,Rodgers Group,201-500,Retail,Germany,Conference,3,0,0,0,0,Would love to see a demo. We need better reporting and analytics for our sales pipeline.,demo_request,$100K+,62.4,0,
LEAD-1398,2026-01-15,Ricardo,Palmer,ricardo.palmer@simonduarteandjohnson.com,001-897-930-8069x5814,Chief Innovation Officer,"Simon, Duarte and Johnson",11-50,Retail,India,Partner,0,3,2,0,0,Do you support SSO and custom authentication? What about data encryption?,technical,$10K-$50K,65.6,0,
LEAD-1399,2026-01-15,Andrew,Roberts,andrew.roberts@mcmillanreedandterry.com,975.473.8395,Marketing Director,"Mcmillan, Reed and Terry",201-500,Consulting,Singapore,Website,7,0,0,1,0,Can your platform handle 500K contacts? What are the technical limitations?,technical,$100K+,47.6,0,
LEAD-1400,2026-01-15,Emily,Navarro,emily.navarro@dawsonmoyerandwhitaker.com,329.834.1722x3297,Chief Innovation Officer,"Dawson, Moyer and Whitaker",501-1000,Healthcare,India,Website,0,6,2,0,0,"Hi, I'd like to schedule a demo of your CRM platform. We're a 501-1000 company in Healthcare looking to streamline our sales process.",demo_request,Not specified,23.8,1,28.0
LEAD-1401,2026-01-15,Brandon,Smith,brandon.smith@torres-clark.com,352-528-0156x193,CEO,Torres-Clark,51-200,Manufacturing,UAE,Partner,0,3,0,0,0,Would love to see a demo. We need better reporting and analytics for our sales pipeline.,demo_request,$100K+,5.4,1,38.0
LEAD-1402,2026-01-15,Kayla,Hawkins,kayla.hawkins@glover-hammond.com,(389)210-7711,IT Manager,Glover-Hammond,1000+,Consulting,Canada,Conference,5,0,0,0,0,Would love to see a demo. We need better reporting and analytics for our sales pipeline.,demo_request,$10K-$50K,64.3,1,34.0
LEAD-1403,2026-01-15,Rhonda,Moore,rhonda.moore@sotoandsons.com,278-571-2552x1376,Operations Manager,Soto and Sons,201-500,Automotive,USA,LinkedIn,6,0,0,0,0,Our current CRM isn't meeting our needs. What migration support do you offer?,support,< $10K,14.2,0,
LEAD-1404,2026-01-15,Christopher,Watson,christopher.watson@peterson-wagner.com,001-765-232-8632x66678,Operations Manager,Peterson-Wagner,1-10,Manufacturing,UK,Referral,6,0,0,0,1,Can we book a demo? Our team of 6 sales reps needs a better solution for managing leads.,demo_request,$50K-$100K,1.6,1,47.0
LEAD-1405,2026-01-15,Sherry,Miller,sherry.miller@robbinsplc.com,662-760-6029x08466,IT Manager,Robbins PLC,1-10,Real Estate,Germany,Cold Email,0,6,0,0,0,Can we book a demo? Our team of 9 sales reps needs a better solution for managing leads.,demo_request,$50K-$100K,43.4,0,
LEAD-1406,2026-01-15,Cheryl,Thomas,cheryl.thomas@wilcoxplc.com,(773)889-9756x3410,Sales Manager,Wilcox PLC,1000+,Real Estate,Canada,Referral,3,1,1,0,0,Looking for pricing details. Do you offer annual discounts?,pricing,Not specified,1.5,1,85.0
LEAD-1407,2026-01-15,Jason,Hunt,jason.hunt@hobbsmeyerandfernandez.com,385-220-0894x3468,Chief Innovation Officer,"Hobbs, Meyer and Fernandez",1-10,Retail,Germany,Advertisement,4,6,0,0,0,Can we book a demo? Our team of 9 sales reps needs a better solution for managing leads.,demo_request,$50K-$100K,,0,
LEAD-1408,2026-01-15,Brandon,Curtis,brandon.curtis@sims-gomez.com,574-790-7539,Business Development Manager,Sims-Gomez,1000+,Telecommunications,USA,Advertisement,7,0,0,0,0,Can we book a demo? Our team of 3815 sales reps needs a better solution for managing leads.,demo_request,$100K+,13.6,1,7.0
LEAD-1409,2026-01-15,Jennifer,Stone,jennifer.stone@gloverespinozaandchambers.com,415.889.3571,CTO,"Glover, Espinoza and Chambers",1-10,Energy,Singapore,Cold Email,0,2,0,1,0,Can we book a demo? Our team of 6 sales reps needs a better solution for managing leads.,demo_request,$10K-$50K,13.1,0,
LEAD-1410,2026-01-15,Pamela,Alvarez,pamela.alvarez@davisgroup.com,815.986.9886x497,IT Manager,Davis Group,51-200,Retail,Netherlands,Cold Email,0,4,0,0,1,Can you share pricing information? We're a 51-200 Retail company.,pricing,$100K+,,0,
LEAD-1411,2026-01-15,Francisco,Wagner,francisco.wagner@dennis-butler.com,372.888.1377x0285,Head of Operations,Dennis-Butler,201-500,Energy,UK,Referral,5,0,0,0,0,Would love to see a demo. We need better reporting and analytics for our sales pipeline.,demo_request,< $10K,52.7,1,69.0
LEAD-1412,2026-01-15,Eric,Watson,eric.watson@armstrong-williams.com,(544)470-2296x044,Product Manager,Armstrong-Williams,201-500,Logistics,India,Webinar,8,0,0,1,0,We're having issues with lead scoring. Can someone help?,support,Not specified,45.9,0,
LEAD-1413,2026-01-15,Carlos,Williams,carlos.williams@smith-kelley.com,994.997.5679x2287,Product Manager,Smith-Kelley,1000+,Technology,India,Cold Email,0,0,0,1,0,What APIs do you provide? We need to integrate with our existing tech stack.,technical,$10K-$50K,,0,
LEAD-1414,2026-01-15,Robert,Hall,robert.hall@nguyenmarshandbeck.com,(358)507-4120x9481,Product Manager,"Nguyen, Marsh and Beck",1-10,Pharmaceuticals,India,LinkedIn,11,0,0,0,0,Interested in seeing your product in action. We're currently using Salesforce but looking for alternatives.,demo_request,Not specified,25.1,0,
LEAD-1415,2026-01-15,Jaime,Alvarez,jaime.alvarez@raybrownandhudson.com,9183204339,Chief Innovation Officer,"Ray, Brown and Hudson",51-200,Automotive,Germany,Advertisement,7,0,0,0,0,Would love to see a demo. We need better reporting and analytics for our sales pipeline.,demo_request,$10K-$50K,36.4,0,
LEAD-1416,2026-01-15,Sarah,Morgan,sarah.morgan@floreschapmanandhenry.com,(360)485-6411,VP of Sales,"Flores, Chapman and Henry",201-500,E-commerce,Germany,Cold Email,0,0,0,1,0,Exploring white-label solutions. Do you offer partnership programs?,partnership,< $10K,25.0,0,
LEAD-1417,2026-01-15,Eric,Farley,eric.farley@scottinc.com,+1-720-695-2004x61526,Operations Manager,Scott Inc,11-50,Consulting,Singapore,LinkedIn,0,0,0,1,1,We're having issues with lead scoring. Can someone help?,support,$100K+,24.6,0,
LEAD-1418,2026-01-15,Karen,Willis,karen.willis@williamsandsons.com,288.861.4057x8617,Sales Manager,Williams and Sons,51-200,Education,Australia,Cold Email,5,3,2,0,0,Looking for pricing details. Do you offer annual discounts?,pricing,Not specified,,0,
LEAD-1419,2026-01-15,Emily,Sanchez,emily.sanchez@adamsplc.com,+1-424-796-7183,Sales Manager,Adams PLC,51-200,Automotive,Germany,Partner,7,4,0,0,0,Interested in seeing your product in action. We're currently using HubSpot but looking for alternatives.,demo_request,$100K+,44.3,1,51.0
LEAD-1420,2026-01-15,Stephanie,Ali,stephanie.ali@caseyplc.com,+1-270-907-9420,Operations Manager,Casey PLC,201-500,Logistics,Singapore,LinkedIn,2,0,0,0,0,What are your pricing plans? We have about 355 users.,pricing,$10K-$50K,68.8,0,
LEAD-1421,2026-01-15,Michael,Chen,michael.chen@franco-james.com,001-384-802-8914,Director of Marketing,Franco-James,1000+,Marketing,Germany,Cold Email,0,7,1,0,0,Interested in exploring partnership opportunities. We serve Marketing clients.,partnership,< $10K,66.5,0,
LEAD-1422,2026-01-15,Natalie,Clark,natalie.clark@hardyllc.com,455.247.4355x37950,Chief Innovation Officer,Hardy LLC,1000+,Consulting,UK,Webinar,6,2,0,1,4,Do you support SSO and custom authentication? What about data encryption?,technical,< $10K,,0,
LEAD-1423,2026-01-15,Glenn,Peters,glenn.peters@valenzuelaltd.com,001-776-881-1807x156,Chief Innovation Officer,Valenzuela Ltd,1000+,E-commerce,Germany,LinkedIn,2,0,0,0,0,Can your platform handle 100K contacts? What are the technical limitations?,technical,$50K-$100K,67.3,0,
LEAD-1424,2026-01-15,James,Smith,james.smith@terrellmartinezandwood.com,001-604-953-1943x3750,Marketing Director,"Terrell, Martinez and Wood",501-1000,Pharmaceuticals,Netherlands,Cold Email,0,0,0,1,0,Need help understanding your automation features. Do you have documentation?,support,Not specified,36.4,0,
LEAD-1425,2026-01-15,Danielle,Rodriguez,danielle.rodriguez@obriensmithandjoyce.com,498-372-8399x921,IT Manager,"Obrien, Smith and Joyce",1-10,Retail,Netherlands,Cold Email,3,1,1,0,0,Can we book a demo? Our team of 6 sales reps needs a better solution for managing leads.,demo_request,< $10K,24.6,0,
LEAD-1426,2026-01-15,Joshua,Abbott,joshua.abbott@foleyibarraanddaniel.com,7898487060,Product Manager,"Foley, Ibarra and Daniel",201-500,Education,India,LinkedIn,4,0,0,0,0,Can you help us set up custom workflows for our sales process?,support,$100K+,41.8,0,
LEAD-1427,2026-01-15,Steven,Ward,steven.ward@hill-frazier.com,001-203-504-6875x06351,VP of Sales,Hill-Frazier,1000+,Consulting,France,Cold Email,0,3,0,1,0,Does your CRM integrate with Salesforce and HubSpot?,technical,$100K+,,0,
LEAD-1428,2026-01-15,James,Murphy,james.murphy@rosario-stark.com,510-376-0954,Marketing Director,Rosario-Stark,1-10,Marketing,Australia,Advertisement,4,1,0,0,0,Would love to see a demo. We need better reporting and analytics for our sales pipeline.,demo_request,$100K+,47.2,0,
LEAD-1429,2026-01-15,April,Young,april.young@wall-underwood.com,299-271-7911,CTO,Wall-Underwood,1-10,Healthcare,UK,LinkedIn,5,3,1,0,0,Need a quote for 7 users. What features are included in each tier?,pricing,Not specified,,0,
LEAD-1430,2026-01-15,Scott,Turner,scott.turner@brownandersonandellison.com,+1-561-210-8046x6196,VP of Sales,"Brown, Anderson and Ellison",1-10,Automotive,UAE,Advertisement,4,0,0,0,0,Can you help us set up custom workflows for our sales process?,support,< $10K,,0,
LEAD-1431,2026-01-15,Christine,Morgan,christine.morgan@pope-hobbs.com,+1-407-685-9311x09193,Business Development Manager,Pope-Hobbs,1000+,Finance,USA,Partner,10,0,0,0,0,Interested in seeing your product in action. We're currently using Monday.com but looking for alternatives.,demo_request,$100K+,47.6,1,45.0
LEAD-1432,2026-01-15,John,Robles,john.robles@hardy-wallace.com,4244968549,Operations Manager,Hardy-Wallace,1-10,Marketing,France,Partner,0,5,1,0,0,Would like to discuss becoming a reseller partner in France.,partnership,$10K-$50K,15.9,0,
LEAD-1433,2026-01-15,Brenda,Gregory,brenda.gregory@cooperwoodandsmith.com,5383806533,Product Manager,"Cooper, Wood and Smith",51-200,Finance,Netherlands,LinkedIn,5,0,0,0,0,Looking for pricing details. Do you offer annual discounts?,pricing,$50K-$100K,46.8,0,
LEAD-1434,2026-01-15,Heather,Christian,heather.christian@alvarezholtandmcdonald.com,001-259-946-5217,VP of Sales,"Alvarez, Holt and Mcdonald",501-1000,Finance,India,Webinar,6,3,0,0,0,"Hi, I'd like to schedule a demo of your CRM platform. We're a 501-1000 company in Finance looking to streamline our sales process.",demo_request,$50K-$100K,11.0,1,35.0
LEAD-1435,2026-01-15,Jerry,Hanson,jerry.hanson@fowlerltd.com,275.363.6205,Product Manager,Fowler Ltd,51-200,Technology,UK,Cold Email,6,0,0,1,0,Can your platform handle 1M+ contacts? What are the technical limitations?,technical,$50K-$100K,64.6,0,
LEAD-1436,2026-01-15,Brenda,Cannon,brenda.cannon@wilsonrobertsandlee.com,7035342342,VP of Sales,"Wilson, Roberts and Lee",51-200,Telecommunications,India,Webinar,4,4,0,1,0,Can you help us set up custom workflows for our sales process?,support,$10K-$50K,,0,
LEAD-1437,2026-01-15,Renee,Smith,renee.smith@thompsonllc.com,+1-826-315-3473x55289,Chief Innovation Officer,Thompson LLC,1000+,Retail,USA,Webinar,3,0,0,0,2,Interested in seeing your product in action. We're currently using Monday.com but looking for alternatives.,demo_request,$50K-$100K,6.7,0,
LEAD-1438,2026-01-15,Amanda,Benson,amanda.benson@nortonandsons.com,696-430-9938x42530,CTO,Norton and Sons,201-500,Telecommunications,Australia,LinkedIn,0,0,0,0,0,Interested in seeing your product in action. We're currently using HubSpot but looking for alternatives.,demo_request,$100K+,71.9,1,75.0
LEAD-1439,2026-01-15,Thomas,Alvarado,thomas.alvarado@blackwellclarkandmiller.com,428-768-5787,CEO,"Blackwell, Clark and Miller",1000+,Healthcare,India,Cold Email,4,2,0,1,0,What APIs do you provide? We need to integrate with our existing tech stack.,technical,$10K-$50K,,1,24.0
LEAD-1440,2026-01-15,Joseph,Morales,joseph.morales@nealbaldwinandsimpson.com,001-603-833-7363,Product Manager,"Neal, Baldwin and Simpson",501-1000,Education,USA,Partner,5,0,0,0,0,"Hi, I'd like to schedule a demo of your CRM platform. We're a 501-1000 company in Education looking to streamline our sales process.",demo_request,$100K+,22.3,1,89.0
LEAD-1441,2026-01-15,Christopher,Walton,christopher.walton@moorekirbyandscott.com,978-853-9078x9567,IT Manager,"Moore, Kirby and Scott",501-1000,Energy,USA,Partner,0,0,0,0,0,Interested in seeing your product in action. We're currently using Pipedrive but looking for alternatives.,demo_request,< $10K,64.7,1,22.0
LEAD-1442,2026-01-15,Hayden,Hall,hayden.hall@stewart-reyes.com,+1-315-714-8881x4311,Operations Manager,Stewart-Reyes,201-500,Technology,Canada,Conference,0,0,0,0,0,Interested in seeing your product in action. We're currently using Pipedrive but looking for alternatives.,demo_request,$50K-$100K,51.2,0,
LEAD-1443,2026-01-15,Mark,Turner,mark.turner@cookltd.com,001-243-992-8404x45669,VP of Sales,Cook Ltd,11-50,Retail,USA,Advertisement,7,0,0,0,0,Our agency works with multiple clients who might benefit from your CRM. Let's talk partnerships.,partnership,$100K+,66.5,0,
LEAD-1444,2026-01-15,Jeremy,Curry,jeremy.curry@grimesandsons.com,538.998.7751x5366,CTO,Grimes and Sons,201-500,Finance,UK,Website,0,0,0,0,0,Interested in seeing your product in action. We're currently using Zoho but looking for alternatives.,demo_request,< $10K,18.2,0,
LEAD-1445,2026-01-15,Kevin,Rojas,kevin.rojas@johnsontaylorandrusso.com,255.436.6684x5909,Director of Marketing,"Johnson, Taylor and Russo",1000+,Marketing,Canada,Conference,5,0,0,1,0,Our current CRM isn't meeting our needs. What migration support do you offer?,support,$10K-$50K,,0,
LEAD-1446,2026-01-15,Robin,Berry,robin.berry@carroll-lloyd.com,(663)361-8637x1597,VP of Sales,Carroll-Lloyd,1-10,Retail,Germany,Advertisement,0,0,0,1,0,Can you share pricing information? We're a 1-10 Retail company.,pricing,$50K-$100K,,0,
LEAD-1447,2026-01-15,Tracy,Lopez,tracy.lopez@tranjohnsonandbarker.com,264-733-4817,Director of Marketing,"Tran, Johnson and Barker",51-200,Education,India,Webinar,4,0,0,0,0,Interested in seeing your product in action. We're currently using Pipedrive but looking for alternatives.,demo_request,$50K-$100K,7.4,0,
LEAD-1448,2026-01-15,Peter,Mayo,peter.mayo@murphygroup.com,(686)871-6323,Sales Manager,Murphy Group,1000+,Marketing,Canada,Webinar,3,0,0,1,0,Looking for pricing details. Do you offer annual discounts?,pricing,< $10K,,1,90.0
LEAD-1449,2026-01-15,Briana,Shaw,briana.shaw@wellsmunozandcrosby.com,+1-974-930-2716x93859,CTO,"Wells, Munoz and Crosby",11-50,Manufacturing,Singapore,LinkedIn,5,3,2,0,0,Our current CRM isn't meeting our needs. What migration support do you offer?,support,$50K-$100K,32.6,0,
LEAD-1450,2026-01-15,Debbie,Ellison,debbie.ellison@mclaughlinllc.com,(446)392-6329x676,CTO,Mclaughlin LLC,1-10,Logistics,India,Partner,2,4,0,0,0,Can you share pricing information? We're a 1-10 Logistics company.,pricing,$100K+,62.7,0,
LEAD-1451,2026-01-15,Joshua,Fuller,joshua.fuller@allenandsons.com,913-476-8151x1856,Product Manager,Allen and Sons,11-50,Consulting,UAE,Advertisement,11,0,0,0,0,"Hi, I'd like to schedule a demo of your CRM platform. We're a 11-50 company in Consulting looking to streamline our sales process.",demo_request,$50K-$100K,12.7,0,
LEAD-1452,2026-01-15,Emma,Murray,emma.murray@williamsjohnsonandfowler.com,363-560-0412x57771,CEO,"Williams, Johnson and Fowler",501-1000,Manufacturing,France,Referral,2,0,0,0,1,Can we book a demo? Our team of 833 sales reps needs a better solution for managing leads.,demo_request,$50K-$100K,,1,77.0
LEAD-1453,2026-01-15,Mckenzie,Jackson,mckenzie.jackson@taylor-hoover.com,3912241862,Product Manager,Taylor-Hoover,51-200,Automotive,Canada,Conference,4,0,0,1,0,Interested in seeing your product in action. We're currently using Monday.com but looking for alternatives.,demo_request,$100K+,18.9,0,
LEAD-1454,2026-01-15,Jay,Johnson,jay.johnson@alexanderandsons.com,+1-883-570-8164x70900,Director of Marketing,Alexander and Sons,1000+,E-commerce,UAE,Partner,0,0,0,0,0,Our current CRM isn't meeting our needs. What migration support do you offer?,support,$100K+,,0,
LEAD-1455,2026-01-15,Allen,Johnson,allen.johnson@kerr-gonzalez.com,8533131220,IT Manager,Kerr-Gonzalez,11-50,Manufacturing,Netherlands,Referral,6,0,0,0,0,Can you share pricing information? We're a 11-50 Manufacturing company.,pricing,Not specified,,1,8.0
LEAD-1456,2026-01-15,Jamie,Weaver,jamie.weaver@hart-lopez.com,(913)531-5520x65063,Product Manager,Hart-Lopez,501-1000,Healthcare,India,Website,0,0,0,1,0,"Hi, I'd like to schedule a demo of your CRM platform. We're a 501-1000 company in Healthcare looking to streamline our sales process.",demo_request,$50K-$100K,6.6,1,68.0
LEAD-1457,2026-01-15,Carlos,Robinson,carlos.robinson@santos-wood.com,797-418-9241x9562,VP of Sales,Santos-Wood,501-1000,Logistics,Singapore,Conference,4,0,0,0,0,Does your CRM integrate with Salesforce and HubSpot?,technical,$10K-$50K,,0,
LEAD-1458,2026-01-15,Matthew,Franklin,matthew.franklin@stewartyorkandolson.com,001-276-383-8903,Product Manager,"Stewart, York and Olson",1-10,Manufacturing,India,Referral,9,0,0,1,0,Does your CRM integrate with Salesforce and HubSpot?,technical,< $10K,9.0,1,17.0
LEAD-1459,2026-01-15,Devin,Jimenez,devin.jimenez@pattersonsanchezandmiller.com,426.630.3975,VP of Sales,"Patterson, Sanchez and Miller",1-10,E-commerce,Canada,Advertisement,7,2,0,0,0,Can your platform handle 100K contacts? What are the technical limitations?,technical,< $10K,62.1,0,
LEAD-1460,2026-01-15,Deborah,Roberts,deborah.roberts@meyergroup.com,5358533803,VP of Sales,Meyer Group,1000+,Finance,Australia,Advertisement,5,2,1,1,0,Would love to see a demo. We need better reporting and analytics for our sales pipeline.,demo_request,$50K-$100K,34.9,1,84.0
LEAD-1461,2026-01-15,Calvin,Vasquez,calvin.vasquez@ramosinc.com,502.532.1298,Operations Manager,Ramos Inc,1000+,Education,Canada,Cold Email,8,4,2,0,0,Can you share pricing information? We're a 1000+ Education company.,pricing,$10K-$50K,15.0,1,9.0
LEAD-1462,2026-01-15,Jennifer,Sanchez,jennifer.sanchez@hardy-collins.com,(993)344-9734,VP of Sales,Hardy-Collins,51-200,Marketing,Singapore,LinkedIn,0,0,0,1,0,Need help understanding your automation features. Do you have documentation?,support,$10K-$50K,,0,
LEAD-1463,2026-01-15,Scott,Wagner,scott.wagner@sanders-jackson.com,001-462-670-6614x9828,Chief Innovation Officer,Sanders-Jackson,1000+,Finance,India,Website,4,2,1,0,0,Need a quote for 1323 users. What features are included in each tier?,pricing,< $10K,58.7,0,
LEAD-1464,2026-01-15,Catherine,Jones,catherine.jones@chavez-brooks.com,(973)823-0085,Chief Innovation Officer,Chavez-Brooks,11-50,Consulting,Canada,Conference,3,6,0,0,0,"Hi, I'd like to schedule a demo of your CRM platform. We're a 11-50 company in Consulting looking to streamline our sales process.",demo_request,$100K+,63.1,0,
LEAD-1465,2026-01-15,Tracy,Davidson,tracy.davidson@waller-brooks.com,001-816-601-6923,Marketing Director,Waller-Brooks,1000+,Energy,France,Conference,5,4,0,0,1,Can you share pricing information? We're a 1000+ Energy company.,pricing,< $10K,34.0,0,
LEAD-1466,2026-01-15,Micheal,Brown,micheal.brown@baileyfletcherandreid.com,(663)537-0502x4972,Product Manager,"Bailey, Fletcher and Reid",1000+,Pharmaceuticals,India,Referral,0,0,0,0,0,Interested in seeing your product in action. We're currently using Salesforce but looking for alternatives.,demo_request,$10K-$50K,54.6,1,31.0
LEAD-1467,2026-01-15,Dawn,Rangel,dawn.rangel@skinnersmithandwise.com,(691)883-6264x4886,Director of Marketing,"Skinner, Smith and Wise",501-1000,Manufacturing,USA,Conference,0,1,1,0,1,What are your pricing plans? We have about 683 users.,pricing,Not specified,,1,57.0
LEAD-1468,2026-01-15,Lauren,Olsen,lauren.olsen@boothrodriguezandarmstrong.com,836-640-2701x168,Chief Innovation Officer,"Booth, Rodriguez and Armstrong",1000+,Education,Canada,LinkedIn,7,3,1,0,0,We're having issues with lead scoring. Can someone help?,support,< $10K,17.1,0,
LEAD-1469,2026-01-15,Jane,Gonzalez,jane.gonzalez@thompsonandsons.com,(481)579-3230,Chief Innovation Officer,Thompson and Sons,1000+,Pharmaceuticals,Canada,Referral,5,1,1,1,0,Looking for pricing details. Do you offer annual discounts?,pricing,$100K+,71.8,1,16.0
LEAD-1470,2026-01-15,Daniel,Fields,daniel.fields@alexander-durham.com,541-961-4150,CTO,Alexander-Durham,11-50,E-commerce,Singapore,Website,0,5,0,0,0,We're having issues with lead scoring. Can someone help?,support,< $10K,26.5,0,
LEAD-1471,2026-01-15,Karen,Smith,karen.smith@smithllc.com,001-601-938-0698,Head of Operations,Smith LLC,1-10,Finance,Singapore,Partner,4,2,1,0,0,Exploring white-label solutions. Do you offer partnership programs?,partnership,$100K+,60.9,0,
LEAD-1472,2026-01-15,Evelyn,Cooper,evelyn.cooper@munoz-rogers.com,235-366-9055x10762,Operations Manager,Munoz-Rogers,51-200,Education,UK,Advertisement,6,0,0,1,0,Does your CRM integrate with Salesforce and HubSpot?,technical,$10K-$50K,61.5,0,
LEAD-1473,2026-01-15,John,Hayes,john.hayes@tapia-walton.com,+1-978-863-0505x05739,Operations Manager,Tapia-Walton,201-500,Energy,Singapore,LinkedIn,12,6,2,0,0,Can we book a demo? Our team of 303 sales reps needs a better solution for managing leads.,demo_request,$50K-$100K,35.3,1,67.0
LEAD-1474,2026-01-15,Valerie,Vincent,valerie.vincent@baileygroup.com,264-493-2898,CEO,Bailey Group,1-10,Retail,Singapore,Referral,3,0,0,0,0,Exploring white-label solutions. Do you offer partnership programs?,partnership,$100K+,46.0,0,
LEAD-1475,2026-01-15,Wendy,Archer,wendy.archer@turnerltd.com,827.217.8333x211,Product Manager,Turner Ltd,11-50,Healthcare,France,LinkedIn,0,0,0,1,0,Can your platform handle 50K contacts? What are the technical limitations?,technical,$10K-$50K,30.5,0,
LEAD-1476,2026-01-15,Jeffrey,Scott,jeffrey.scott@orr-miranda.com,812.887.1539x9156,Chief Innovation Officer,Orr-Miranda,501-1000,Automotive,Canada,Advertisement,10,1,1,0,0,Our current CRM isn't meeting our needs. What migration support do you offer?,support,$10K-$50K,67.3,0,
LEAD-1477,2026-01-15,Christopher,Davis,christopher.davis@greenllc.com,001-593-819-5256x9040,Head of Operations,Green LLC,51-200,Healthcare,India,Website,4,3,0,1,0,Does your CRM integrate with Salesforce and HubSpot?,technical,$100K+,15.5,0,
LEAD-1478,2026-01-15,Sarah,Martinez,sarah.martinez@wise-salinas.com,+1-999-431-6087x52437,Sales Manager,Wise-Salinas,1000+,E-commerce,USA,Webinar,0,3,0,0,0,Do you support SSO and custom authentication? What about data encryption?,technical,$50K-$100K,,0,
LEAD-1479,2026-01-15,Austin,Flores,austin.flores@burgessltd.com,214.497.3746x05233,VP of Sales,Burgess Ltd,201-500,Real Estate,Australia,Referral,4,0,0,1,2,Looking for pricing details. Do you offer annual discounts?,pricing,< $10K,54.2,1,76.0
LEAD-1480,2026-01-15,Melinda,Ritter,melinda.ritter@myersjoyceandhopkins.com,+1-665-667-5661,Business Development Manager,"Myers, Joyce and Hopkins",1-10,Pharmaceuticals,Singapore,Website,4,0,0,0,0,What are your pricing plans? We have about 6 users.,pricing,$100K+,,0,
LEAD-1481,2026-01-15,Phillip,Anderson,phillip.anderson@haynesplc.com,001-590-247-2927x74233,Head of Operations,Haynes PLC,11-50,Marketing,France,Conference,2,0,0,1,1,Would love to see a demo. We need better reporting and analytics for our sales pipeline.,demo_request,$50K-$100K,69.1,0,
LEAD-1482,2026-01-15,Nicholas,Mcgrath,nicholas.mcgrath@garciafloydandgarrison.com,+1-820-515-7201x85962,Director of Marketing,"Garcia, Floyd and Garrison",11-50,Marketing,India,Advertisement,4,3,1,0,0,What APIs do you provide? We need to integrate with our existing tech stack.,technical,Not specified,,0,
LEAD-1483,2026-01-15,Hailey,Blevins,hailey.blevins@sandersllc.com,+1-961-576-4750x1111,Business Development Manager,Sanders LLC,201-500,Energy,France,Referral,4,0,0,0,0,What APIs do you provide? We need to integrate with our existing tech stack.,technical,$100K+,56.1,0,
LEAD-1484,2026-01-15,Cody,Watkins,cody.watkins@archermendozaandbenson.com,(876)949-2151x8260,Head of Operations,"Archer, Mendoza and Benson",11-50,Pharmaceuticals,Germany,Cold Email,5,0,0,1,1,We're having issues with lead scoring. Can someone help?,support,$100K+,9.3,0,
LEAD-1485,2026-01-15,Karen,Clark,karen.clark@ryanfuentesandpearson.com,+1-412-392-0875x10293,CTO,"Ryan, Fuentes and Pearson",51-200,Retail,Canada,LinkedIn,3,0,0,1,0,What are your pricing plans? We have about 175 users.,pricing,$50K-$100K,32.7,0,
LEAD-1486,2026-01-15,William,Cox,william.cox@millerinc.com,+1-926-403-4084,VP of Sales,Miller Inc,11-50,Retail,USA,Website,0,0,0,0,0,What are your pricing plans? We have about 44 users.,pricing,< $10K,54.9,0,
LEAD-1487,2026-01-15,Catherine,Dixon,catherine.dixon@edwardsbartlettandshea.com,001-510-730-3243x298,CEO,"Edwards, Bartlett and Shea",51-200,Healthcare,Germany,Webinar,0,0,0,0,0,Can we book a demo? Our team of 192 sales reps needs a better solution for managing leads.,demo_request,Not specified,66.4,0,
LEAD-1488,2026-01-15,Patrick,Mckee,patrick.mckee@deanjonesandscott.com,(471)846-2831x4359,Product Manager,"Dean, Jones and Scott",11-50,Manufacturing,France,LinkedIn,4,3,0,0,0,Exploring white-label solutions. Do you offer partnership programs?,partnership,Not specified,14.8,0,
LEAD-1489,2026-01-15,Anthony,Munoz,anthony.munoz@riddle-hamilton.com,341-781-8615,IT Manager,Riddle-Hamilton,51-200,Logistics,UK,Referral,3,3,0,0,0,Can your platform handle 50K contacts? What are the technical limitations?,technical,$50K-$100K,15.9,0,
LEAD-1490,2026-01-15,Joshua,Garcia,joshua.garcia@thomas-yates.com,361.712.8497,CTO,Thomas-Yates,51-200,Finance,Australia,Website,5,0,0,0,0,Our current CRM isn't meeting our needs. What migration support do you offer?,support,$50K-$100K,68.2,0,
LEAD-1491,2026-01-15,Peggy,Jackson,peggy.jackson@arnold-lawson.com,001-462-458-8967x92408,Operations Manager,Arnold-Lawson,1000+,Healthcare,Netherlands,Advertisement,7,2,1,1,0,Would love to see a demo. We need better reporting and analytics for our sales pipeline.,demo_request,Not specified,27.9,1,9.0
LEAD-1492,2026-01-15,Terri,Zimmerman,terri.zimmerman@mossbrownandswanson.com,696.672.7578,CEO,"Moss, Brown and Swanson",51-200,Technology,Netherlands,Partner,0,7,1,0,0,Interested in exploring partnership opportunities. We serve Technology clients.,partnership,$50K-$100K,25.2,0,
LEAD-1493,2026-01-15,Kevin,Hodge,kevin.hodge@davidkeithandcervantes.com,965-211-1312x9014,IT Manager,"David, Keith and Cervantes",501-1000,Telecommunications,Australia,Website,9,1,1,0,0,Interested in exploring partnership opportunities. We serve Telecommunications clients.,partnership,< $10K,62.1,0,
LEAD-1494,2026-01-15,Derek,Jimenez,derek.jimenez@rhodes-randolph.com,+1-281-960-9306x85389,CTO,Rhodes-Randolph,201-500,Manufacturing,Canada,Cold Email,4,6,2,1,0,"Hi, I'd like to schedule a demo of your CRM platform. We're a 201-500 company in Manufacturing looking to streamline our sales process.",demo_request,$50K-$100K,57.1,1,41.0
LEAD-1495,2026-01-15,Gregory,Richardson,gregory.richardson@conradgallagherandmckee.com,(385)706-7625,Marketing Director,"Conrad, Gallagher and Mckee",1000+,Finance,Canada,Partner,0,0,0,0,0,Can you help us set up custom workflows for our sales process?,support,$50K-$100K,52.8,0,
LEAD-1496,2026-01-15,Kelly,Webb,kelly.webb@deckerinc.com,230-796-3480x797,Chief Innovation Officer,Decker Inc,1-10,Retail,France,LinkedIn,5,2,0,0,0,We're having issues with lead scoring. Can someone help?,support,$100K+,,0,
LEAD-1497,2026-01-15,Adam,Zamora,adam.zamora@murphy-gomez.com,(465)801-6731,Business Development Manager,Murphy-Gomez,51-200,Manufacturing,Netherlands,Webinar,4,0,0,0,0,Can you share pricing information? We're a 51-200 Manufacturing company.,pricing,$100K+,,0,
LEAD-1498,2026-01-15,John,Ruiz,john.ruiz@smith-hammond.com,(745)862-8417x722,Marketing Director,Smith-Hammond,201-500,Finance,France,LinkedIn,0,3,0,1,0,Our current CRM isn't meeting our needs. What migration support do you offer?,support,Not specified,,0,
LEAD-1499,2026-01-15,Ralph,Manning,ralph.manning@gonzalezlopezandwilliams.com,9234741678,Business Development Manager,"Gonzalez, Lopez and Williams",11-50,Finance,India,Advertisement,2,0,0,0,0,Do you support SSO and custom authentication? What about data encryption?,technical,Not specified,31.5,0,
